timestamp	n_reports	n_success	pass_pct	n_fail	tierA	tierB	tierC	tierD	classes
2026-07-12T18:06:06	73	65	89.0	8	2	5	1	0	no_conformers:5,donor_H_atom_count:1,geometry_or_fragment_change:1,carborane_unsupported:1
2026-07-12T18:06:45	73	65	89.0	8	2	5	1	0	no_conformers:5,donor_H_atom_count:1,geometry_or_fragment_change:1,carborane_unsupported:1
2026-07-12T18:33:17	128	115	89.8	13	3	8	2	0	no_conformers:8,carborane_unsupported:2,high_rmsd:1,donor_H_atom_count:1,geometry_or_fragment_change:1
2026-07-12T18:59:06	252	231	91.7	21	6	13	2	0	no_conformers:11,donor_H_atom_count:2,gen_exception_other:2,carborane_unsupported:2,high_rmsd:1,geometry_or_fragment_change:1,macrocycle_perception:1,kekulize_encode_crash:1
2026-07-12T19:25:06	357	328	91.9	29	11	16	2	0	no_conformers:14,donor_H_atom_count:7,gen_exception_other:2,carborane_unsupported:2,high_rmsd:1,geometry_or_fragment_change:1,macrocycle_perception:1,kekulize_encode_crash:1
2026-07-12T19:51:08	357	328	91.9	29	11	16	2	0	no_conformers:14,donor_H_atom_count:7,gen_exception_other:2,carborane_unsupported:2,high_rmsd:1,geometry_or_fragment_change:1,macrocycle_perception:1,kekulize_encode_crash:1
2026-07-12T20:17:08	357	328	91.9	29	11	16	2	0	no_conformers:14,donor_H_atom_count:7,gen_exception_other:2,carborane_unsupported:2,high_rmsd:1,geometry_or_fragment_change:1,macrocycle_perception:1,kekulize_encode_crash:1
2026-07-12T20:26:08	396	362	91.4	34	13	19	2	0	no_conformers:15,donor_H_atom_count:7,timeout:2,geometry_or_fragment_change:2,gen_exception_other:2,carborane_unsupported:2,high_rmsd:1,encode_crash_other:1,macrocycle_perception:1,kekulize_encode_crash:1
2026-07-12T20:27:55	396	362	91.4	34	13	19	2	0	no_conformers:15,donor_H_atom_count:7,timeout:2,geometry_or_fragment_change:2,gen_exception_other:2,carborane_unsupported:2,high_rmsd:1,encode_crash_other:1,macrocycle_perception:1,kekulize_encode_crash:1
2026-07-12T20:54:06	575	522	90.8	53	17	34	2	0	no_conformers:20,timeout:9,donor_H_atom_count:7,gen_exception_other:5,geometry_or_fragment_change:3,high_rmsd:2,carborane_unsupported:2,EZ_bond_stereo:1,string_mismatch_other:1,encode_crash_other:1,macrocycle_perception:1,kekulize_encode_crash:1
2026-07-12T21:20:06	716	641	89.5	75	20	53	2	0	timeout:24,no_conformers:22,donor_H_atom_count:7,gen_exception_other:7,geometry_or_fragment_change:3,EZ_bond_stereo:2,high_rmsd:2,string_mismatch_other:2,carborane_unsupported:2,encode_crash_other:1,winding_flip:1,macrocycle_perception:1,kekulize_encode_crash:1
2026-07-12T21:46:06	880	786	89.3	94	29	63	2	0	timeout:32,no_conformers:23,geometry_or_fragment_change:8,gen_exception_other:8,donor_H_atom_count:7,EZ_bond_stereo:3,high_rmsd:3,string_mismatch_other:3,carborane_unsupported:2,encode_crash_other:1,winding_flip:1,macrocycle_perception:1,geometry_NON:1,kekulize_encode_crash:1
2026-07-12T22:12:07	1037	924	89.1	113	34	76	3	0	timeout:40,no_conformers:28,geometry_or_fragment_change:10,gen_exception_other:8,donor_H_atom_count:7,high_rmsd:4,EZ_bond_stereo:3,string_mismatch_other:3,carborane_unsupported:3,encode_crash_other:1,H_on_terminal_oxo_imido:1,winding_flip:1,atom_stereo:1,macrocycle_perception:1,geometry_NON:1,kekulize_encode_crash:1
2026-07-12T22:38:10	1188	1059	89.1	129	39	87	3	0	timeout:48,no_conformers:31,geometry_or_fragment_change:10,donor_H_atom_count:9,gen_exception_other:8,high_rmsd:5,string_mismatch_other:5,EZ_bond_stereo:3,carborane_unsupported:3,encode_crash_other:1,H_on_terminal_oxo_imido:1,winding_flip:1,atom_stereo:1,macrocycle_perception:1,geometry_NON:1,kekulize_encode_crash:1
2026-07-12T23:04:06	1340	1191	88.9	149	41	104	3	1	timeout:61,no_conformers:35,geometry_or_fragment_change:10,donor_H_atom_count:9,gen_exception_other:8,high_rmsd:5,string_mismatch_other:5,EZ_bond_stereo:4,carborane_unsupported:3,winding_flip:2,encode_crash_other:1,H_on_terminal_oxo_imido:1,atom_stereo:1,macrocycle_perception:1,geometry_NON:1,kekulize_encode_crash:1,interrupted:1
2026-07-12T23:35:11	1538	1365	88.8	173	49	121	3	0	timeout:70,no_conformers:42,donor_H_atom_count:12,geometry_or_fragment_change:11,gen_exception_other:9,high_rmsd:6,EZ_bond_stereo:5,string_mismatch_other:5,winding_flip:4,carborane_unsupported:3,encode_crash_other:1,H_on_terminal_oxo_imido:1,atom_stereo:1,macrocycle_perception:1,geometry_NON:1,kekulize_encode_crash:1
2026-07-13T00:06:11	1734	1544	89.0	190	57	130	3	0	timeout:79,no_conformers:42,donor_H_atom_count:14,geometry_or_fragment_change:13,gen_exception_other:9,high_rmsd:8,EZ_bond_stereo:6,string_mismatch_other:6,winding_flip:4,carborane_unsupported:3,encode_crash_other:1,H_on_terminal_oxo_imido:1,atom_stereo:1,macrocycle_perception:1,geometry_NON:1,kekulize_encode_crash:1
2026-07-13T00:37:10	1919	1708	89.0	211	62	144	5	0	timeout:92,no_conformers:43,donor_H_atom_count:15,geometry_or_fragment_change:14,gen_exception_other:9,high_rmsd:8,EZ_bond_stereo:7,string_mismatch_other:7,carborane_unsupported:5,winding_flip:5,encode_crash_other:1,H_on_terminal_oxo_imido:1,atom_stereo:1,macrocycle_perception:1,geometry_NON:1,kekulize_encode_crash:1
2026-07-13T07:27:10	4484	3966	88.4	518	153	347	18	0	timeout:254,no_conformers:76,donor_H_atom_count:41,high_rmsd:25,geometry_or_fragment_change:21,string_mismatch_other:19,carborane_unsupported:18,EZ_bond_stereo:17,gen_exception_other:17,winding_flip:10,atom_stereo:8,encode_crash_other:3,kekulize_encode_crash:3,macrocycle_perception:2,garbled_aromatic:2,H_on_terminal_oxo_imido:1,geometry_NON:1
2026-07-13T07:58:10	4668	4124	88.3	544	165	359	20	0	timeout:264,no_conformers:78,donor_H_atom_count:47,high_rmsd:26,geometry_or_fragment_change:22,string_mismatch_other:21,carborane_unsupported:20,EZ_bond_stereo:18,gen_exception_other:17,winding_flip:11,atom_stereo:8,encode_crash_other:3,kekulize_encode_crash:3,macrocycle_perception:2,garbled_aromatic:2,H_on_terminal_oxo_imido:1,geometry_NON:1
2026-07-13T08:29:07	4851	4283	88.3	568	174	373	21	0	timeout:276,no_conformers:79,donor_H_atom_count:50,high_rmsd:28,geometry_or_fragment_change:23,string_mismatch_other:22,carborane_unsupported:21,EZ_bond_stereo:18,gen_exception_other:18,winding_flip:12,atom_stereo:8,encode_crash_other:3,kekulize_encode_crash:3,garbled_aromatic:3,macrocycle_perception:2,H_on_terminal_oxo_imido:1,geometry_NON:1
2026-07-13T08:59:43	5067	4485	88.5	582	177	381	24	0	timeout:284,no_conformers:79,donor_H_atom_count:53,high_rmsd:28,carborane_unsupported:24,geometry_or_fragment_change:23,string_mismatch_other:22,EZ_bond_stereo:18,gen_exception_other:18,winding_flip:12,atom_stereo:8,encode_crash_other:3,kekulize_encode_crash:3,garbled_aromatic:3,macrocycle_perception:2,H_on_terminal_oxo_imido:1,geometry_NON:1
2026-07-13T09:30:02	5229	4619	88.3	610	186	399	25	0	timeout:300,no_conformers:80,donor_H_atom_count:58,high_rmsd:28,carborane_unsupported:25,geometry_or_fragment_change:24,string_mismatch_other:22,gen_exception_other:19,EZ_bond_stereo:18,winding_flip:14,atom_stereo:8,encode_crash_other:4,kekulize_encode_crash:3,garbled_aromatic:3,macrocycle_perception:2,H_on_terminal_oxo_imido:1,geometry_NON:1
2026-07-13T10:01:11	5428	4800	88.4	628	192	410	25	1	timeout:310,no_conformers:80,donor_H_atom_count:60,high_rmsd:30,carborane_unsupported:25,geometry_or_fragment_change:24,string_mismatch_other:23,gen_exception_other:20,EZ_bond_stereo:19,winding_flip:14,atom_stereo:8,encode_crash_other:4,kekulize_encode_crash:3,garbled_aromatic:3,macrocycle_perception:2,interrupted:1,H_on_terminal_oxo_imido:1,geometry_NON:1
2026-07-13T10:32:10	5625	4969	88.3	656	199	430	27	0	timeout:324,no_conformers:84,donor_H_atom_count:64,high_rmsd:31,carborane_unsupported:27,geometry_or_fragment_change:24,string_mismatch_other:24,gen_exception_other:22,EZ_bond_stereo:19,winding_flip:14,atom_stereo:9,encode_crash_other:4,kekulize_encode_crash:3,garbled_aromatic:3,macrocycle_perception:2,H_on_terminal_oxo_imido:1,geometry_NON:1
2026-07-13T11:03:10	5847	5174	88.5	673	205	439	29	0	timeout:332,no_conformers:85,donor_H_atom_count:66,high_rmsd:34,carborane_unsupported:29,geometry_or_fragment_change:24,string_mismatch_other:24,gen_exception_other:22,EZ_bond_stereo:19,winding_flip:14,atom_stereo:9,encode_crash_other:5,kekulize_encode_crash:3,garbled_aromatic:3,macrocycle_perception:2,H_on_terminal_oxo_imido:1,geometry_NON:1
2026-07-13T11:34:12	6041	5347	88.5	694	211	452	31	0	timeout:341,no_conformers:87,donor_H_atom_count:70,high_rmsd:36,carborane_unsupported:31,geometry_or_fragment_change:24,gen_exception_other:24,string_mismatch_other:24,EZ_bond_stereo:19,winding_flip:14,atom_stereo:9,encode_crash_other:5,kekulize_encode_crash:3,garbled_aromatic:3,macrocycle_perception:2,H_on_terminal_oxo_imido:1,geometry_NON:1
2026-07-13T12:05:09	6259	5547	88.6	712	216	465	31	0	timeout:351,no_conformers:89,donor_H_atom_count:70,high_rmsd:37,carborane_unsupported:31,geometry_or_fragment_change:26,gen_exception_other:25,string_mismatch_other:25,EZ_bond_stereo:20,winding_flip:14,atom_stereo:9,encode_crash_other:5,kekulize_encode_crash:3,garbled_aromatic:3,macrocycle_perception:2,H_on_terminal_oxo_imido:1,geometry_NON:1
2026-07-13T12:36:11	6470	5736	88.7	734	222	481	31	0	timeout:364,no_conformers:92,donor_H_atom_count:72,high_rmsd:39,carborane_unsupported:31,geometry_or_fragment_change:26,string_mismatch_other:26,gen_exception_other:25,EZ_bond_stereo:21,winding_flip:14,atom_stereo:9,encode_crash_other:5,kekulize_encode_crash:3,garbled_aromatic:3,macrocycle_perception:2,H_on_terminal_oxo_imido:1,geometry_NON:1
2026-07-13T13:07:08	6665	5907	88.6	758	228	496	34	0	timeout:373,no_conformers:98,donor_H_atom_count:74,high_rmsd:41,carborane_unsupported:34,geometry_or_fragment_change:27,string_mismatch_other:26,gen_exception_other:25,EZ_bond_stereo:21,winding_flip:14,atom_stereo:9,encode_crash_other:5,kekulize_encode_crash:4,garbled_aromatic:3,macrocycle_perception:2,H_on_terminal_oxo_imido:1,geometry_NON:1
2026-07-13T13:38:07	6878	6101	88.7	777	232	510	34	1	timeout:383,no_conformers:98,donor_H_atom_count:75,high_rmsd:43,carborane_unsupported:34,gen_exception_other:29,geometry_or_fragment_change:27,string_mismatch_other:26,EZ_bond_stereo:21,winding_flip:14,atom_stereo:10,encode_crash_other:5,kekulize_encode_crash:4,garbled_aromatic:3,macrocycle_perception:2,interrupted:1,H_on_terminal_oxo_imido:1,geometry_NON:1
2026-07-13T14:09:08	7076	6273	88.7	803	241	525	37	0	timeout:395,no_conformers:101,donor_H_atom_count:77,high_rmsd:45,carborane_unsupported:37,gen_exception_other:29,geometry_or_fragment_change:27,string_mismatch_other:27,EZ_bond_stereo:22,winding_flip:15,atom_stereo:10,encode_crash_other:5,kekulize_encode_crash:5,macrocycle_perception:3,garbled_aromatic:3,H_on_terminal_oxo_imido:1,geometry_NON:1
2026-07-13T14:41:08	7273	6440	88.5	833	249	546	38	0	timeout:411,no_conformers:104,donor_H_atom_count:79,high_rmsd:47,carborane_unsupported:38,gen_exception_other:31,geometry_or_fragment_change:28,string_mismatch_other:27,EZ_bond_stereo:22,winding_flip:15,atom_stereo:10,encode_crash_other:5,kekulize_encode_crash:5,garbled_aromatic:4,macrocycle_perception:3,H_on_terminal_oxo_imido:2,geometry_NON:2
2026-07-13T15:12:07	7470	6610	88.5	860	258	562	40	0	timeout:421,no_conformers:108,donor_H_atom_count:82,high_rmsd:51,carborane_unsupported:40,gen_exception_other:33,geometry_or_fragment_change:29,string_mismatch_other:27,EZ_bond_stereo:22,winding_flip:15,atom_stereo:10,encode_crash_other:6,kekulize_encode_crash:5,garbled_aromatic:4,macrocycle_perception:3,H_on_terminal_oxo_imido:2,geometry_NON:2
2026-07-13T15:43:06	7684	6794	88.4	890	267	581	41	1	timeout:433,no_conformers:113,donor_H_atom_count:83,high_rmsd:52,carborane_unsupported:41,gen_exception_other:35,geometry_or_fragment_change:32,string_mismatch_other:28,EZ_bond_stereo:24,winding_flip:15,atom_stereo:11,encode_crash_other:6,kekulize_encode_crash:5,garbled_aromatic:4,macrocycle_perception:3,H_on_terminal_oxo_imido:2,geometry_NON:2,interrupted:1
2026-07-13T17:05:58	8204	7258	88.5	946	286	618	42	0	timeout:459,no_conformers:123,donor_H_atom_count:87,high_rmsd:57,carborane_unsupported:42,gen_exception_other:36,geometry_or_fragment_change:34,string_mismatch_other:30,EZ_bond_stereo:26,winding_flip:17,atom_stereo:12,encode_crash_other:7,kekulize_encode_crash:5,garbled_aromatic:4,macrocycle_perception:3,H_on_terminal_oxo_imido:2,geometry_NON:2
2026-07-13T17:37:06	8435	7469	88.5	966	290	633	43	0	timeout:469,no_conformers:127,donor_H_atom_count:90,high_rmsd:57,carborane_unsupported:43,gen_exception_other:37,geometry_or_fragment_change:34,string_mismatch_other:30,EZ_bond_stereo:27,winding_flip:17,atom_stereo:12,encode_crash_other:7,kekulize_encode_crash:5,garbled_aromatic:4,macrocycle_perception:3,H_on_terminal_oxo_imido:2,geometry_NON:2
2026-07-13T18:08:07	8649	7662	88.6	987	297	646	43	1	timeout:477,no_conformers:132,donor_H_atom_count:92,high_rmsd:58,carborane_unsupported:43,gen_exception_other:37,geometry_or_fragment_change:35,string_mismatch_other:31,EZ_bond_stereo:28,winding_flip:17,atom_stereo:12,encode_crash_other:7,kekulize_encode_crash:5,macrocycle_perception:4,garbled_aromatic:4,H_on_terminal_oxo_imido:2,geometry_NON:2,interrupted:1
2026-07-13T23:56:37	10663	9456	88.7	1207	366	786	54	1	timeout:584,no_conformers:157,donor_H_atom_count:118,high_rmsd:74,carborane_unsupported:54,gen_exception_other:45,geometry_or_fragment_change:38,EZ_bond_stereo:38,string_mismatch_other:35,winding_flip:18,atom_stereo:14,encode_crash_other:7,H_on_terminal_oxo_imido:6,garbled_aromatic:5,kekulize_encode_crash:5,macrocycle_perception:4,geometry_NON:3,rmsd_mapping_failed:1,interrupted:1
2026-07-14T00:27:07	10834	9603	88.6	1231	373	802	55	1	timeout:597,no_conformers:159,donor_H_atom_count:120,high_rmsd:75,carborane_unsupported:55,gen_exception_other:46,EZ_bond_stereo:40,geometry_or_fragment_change:38,string_mismatch_other:35,winding_flip:19,atom_stereo:14,H_on_terminal_oxo_imido:7,encode_crash_other:7,garbled_aromatic:5,kekulize_encode_crash:5,macrocycle_perception:4,geometry_NON:3,rmsd_mapping_failed:1,interrupted:1
2026-07-14T00:58:07	11039	9784	88.6	1255	382	816	56	1	timeout:603,no_conformers:166,donor_H_atom_count:124,high_rmsd:78,carborane_unsupported:56,gen_exception_other:47,EZ_bond_stereo:40,geometry_or_fragment_change:38,string_mismatch_other:35,winding_flip:19,atom_stereo:14,encode_crash_other:8,H_on_terminal_oxo_imido:7,garbled_aromatic:5,macrocycle_perception:5,kekulize_encode_crash:5,geometry_NON:3,rmsd_mapping_failed:1,interrupted:1
2026-07-14T01:29:07	11232	9952	88.6	1280	389	833	57	1	timeout:616,no_conformers:169,donor_H_atom_count:124,high_rmsd:80,carborane_unsupported:57,gen_exception_other:48,geometry_or_fragment_change:40,EZ_bond_stereo:40,string_mismatch_other:35,winding_flip:20,atom_stereo:15,encode_crash_other:8,H_on_terminal_oxo_imido:7,garbled_aromatic:5,macrocycle_perception:5,kekulize_encode_crash:5,geometry_NON:4,rmsd_mapping_failed:1,interrupted:1
2026-07-14T01:59:29	11417	10115	88.6	1302	394	850	57	1	timeout:630,no_conformers:172,donor_H_atom_count:125,high_rmsd:81,carborane_unsupported:57,gen_exception_other:48,geometry_or_fragment_change:41,EZ_bond_stereo:41,string_mismatch_other:35,winding_flip:20,atom_stereo:15,encode_crash_other:8,H_on_terminal_oxo_imido:7,macrocycle_perception:6,garbled_aromatic:5,kekulize_encode_crash:5,geometry_NON:4,rmsd_mapping_failed:1,interrupted:1
2026-07-14T02:30:00	11600	10273	88.6	1327	404	865	57	1	timeout:639,no_conformers:175,donor_H_atom_count:127,high_rmsd:83,carborane_unsupported:57,gen_exception_other:51,geometry_or_fragment_change:42,EZ_bond_stereo:41,string_mismatch_other:35,winding_flip:22,atom_stereo:15,encode_crash_other:8,macrocycle_perception:8,H_on_terminal_oxo_imido:7,garbled_aromatic:6,kekulize_encode_crash:5,geometry_NON:4,rmsd_mapping_failed:1,interrupted:1
2026-07-14T03:01:07	11809	10459	88.6	1350	414	876	59	1	timeout:647,no_conformers:178,donor_H_atom_count:129,high_rmsd:85,carborane_unsupported:59,gen_exception_other:51,geometry_or_fragment_change:44,EZ_bond_stereo:43,string_mismatch_other:36,winding_flip:22,atom_stereo:15,encode_crash_other:8,macrocycle_perception:8,H_on_terminal_oxo_imido:7,garbled_aromatic:6,kekulize_encode_crash:6,geometry_NON:4,rmsd_mapping_failed:1,interrupted:1
2026-07-14T10:46:43	14771	13090	88.6	1681	510	1092	79	0	timeout:806,no_conformers:225,donor_H_atom_count:168,high_rmsd:94,carborane_unsupported:79,gen_exception_other:61,EZ_bond_stereo:56,geometry_or_fragment_change:53,string_mismatch_other:44,winding_flip:29,atom_stereo:18,H_on_terminal_oxo_imido:9,encode_crash_other:9,macrocycle_perception:9,kekulize_encode_crash:8,garbled_aromatic:7,geometry_NON:4,rmsd_mapping_failed:2
2026-07-14T11:18:11	14996	13297	88.7	1699	517	1102	80	0	timeout:813,no_conformers:228,donor_H_atom_count:170,high_rmsd:96,carborane_unsupported:80,gen_exception_other:61,EZ_bond_stereo:56,geometry_or_fragment_change:53,string_mismatch_other:44,winding_flip:30,atom_stereo:19,H_on_terminal_oxo_imido:9,encode_crash_other:9,macrocycle_perception:9,kekulize_encode_crash:9,garbled_aromatic:7,geometry_NON:4,rmsd_mapping_failed:2
2026-07-14T11:49:09	15170	13448	88.6	1722	525	1117	80	0	timeout:821,no_conformers:234,donor_H_atom_count:174,high_rmsd:96,carborane_unsupported:80,gen_exception_other:62,geometry_or_fragment_change:57,EZ_bond_stereo:56,string_mismatch_other:44,winding_flip:30,atom_stereo:19,H_on_terminal_oxo_imido:9,encode_crash_other:9,macrocycle_perception:9,kekulize_encode_crash:9,garbled_aromatic:7,geometry_NON:4,rmsd_mapping_failed:2
2026-07-14T12:20:10	15377	13638	88.7	1739	529	1129	81	0	timeout:831,no_conformers:236,donor_H_atom_count:174,high_rmsd:98,carborane_unsupported:81,gen_exception_other:62,geometry_or_fragment_change:57,EZ_bond_stereo:56,string_mismatch_other:44,winding_flip:30,atom_stereo:19,macrocycle_perception:10,kekulize_encode_crash:10,H_on_terminal_oxo_imido:9,encode_crash_other:9,garbled_aromatic:7,geometry_NON:4,rmsd_mapping_failed:2
2026-07-14T12:51:10	15591	13832	88.7	1759	538	1139	82	0	timeout:837,no_conformers:239,donor_H_atom_count:179,high_rmsd:100,carborane_unsupported:82,gen_exception_other:63,geometry_or_fragment_change:58,EZ_bond_stereo:57,string_mismatch_other:44,winding_flip:30,atom_stereo:19,macrocycle_perception:10,kekulize_encode_crash:10,H_on_terminal_oxo_imido:9,encode_crash_other:9,garbled_aromatic:7,geometry_NON:4,rmsd_mapping_failed:2
2026-07-14T13:22:08	15773	13990	88.7	1783	551	1150	82	0	timeout:845,no_conformers:241,donor_H_atom_count:184,high_rmsd:101,carborane_unsupported:82,gen_exception_other:64,geometry_or_fragment_change:60,EZ_bond_stereo:57,string_mismatch_other:45,winding_flip:31,atom_stereo:20,macrocycle_perception:11,encode_crash_other:10,kekulize_encode_crash:10,H_on_terminal_oxo_imido:9,garbled_aromatic:7,geometry_NON:4,rmsd_mapping_failed:2
2026-07-14T13:53:12	15977	14161	88.6	1816	562	1170	84	0	timeout:855,no_conformers:249,donor_H_atom_count:189,high_rmsd:104,carborane_unsupported:84,gen_exception_other:66,geometry_or_fragment_change:61,EZ_bond_stereo:57,string_mismatch_other:46,winding_flip:31,atom_stereo:21,macrocycle_perception:11,encode_crash_other:10,kekulize_encode_crash:10,H_on_terminal_oxo_imido:9,garbled_aromatic:7,geometry_NON:4,rmsd_mapping_failed:2
2026-07-14T14:24:09	16190	14350	88.6	1840	570	1183	86	1	timeout:863,no_conformers:254,donor_H_atom_count:190,high_rmsd:105,carborane_unsupported:86,gen_exception_other:66,geometry_or_fragment_change:63,EZ_bond_stereo:57,string_mismatch_other:48,winding_flip:31,atom_stereo:23,macrocycle_perception:11,encode_crash_other:10,kekulize_encode_crash:10,H_on_terminal_oxo_imido:9,garbled_aromatic:7,geometry_NON:4,rmsd_mapping_failed:2,interrupted:1
2026-07-14T14:55:12	16392	14530	88.6	1862	575	1199	88	0	timeout:875,no_conformers:257,donor_H_atom_count:190,high_rmsd:106,carborane_unsupported:88,gen_exception_other:67,geometry_or_fragment_change:63,EZ_bond_stereo:58,string_mismatch_other:50,winding_flip:31,atom_stereo:23,encode_crash_other:11,macrocycle_perception:11,kekulize_encode_crash:10,H_on_terminal_oxo_imido:9,garbled_aromatic:7,geometry_NON:4,rmsd_mapping_failed:2
2026-07-14T15:26:08	16587	14708	88.7	1879	580	1210	89	0	timeout:885,no_conformers:257,donor_H_atom_count:193,high_rmsd:106,carborane_unsupported:89,gen_exception_other:68,geometry_or_fragment_change:63,EZ_bond_stereo:59,string_mismatch_other:51,winding_flip:31,atom_stereo:23,encode_crash_other:11,macrocycle_perception:11,kekulize_encode_crash:10,H_on_terminal_oxo_imido:9,garbled_aromatic:7,geometry_NON:4,rmsd_mapping_failed:2
2026-07-14T15:57:10	16796	14899	88.7	1897	585	1223	89	0	timeout:893,no_conformers:261,donor_H_atom_count:194,high_rmsd:107,carborane_unsupported:89,gen_exception_other:69,geometry_or_fragment_change:64,EZ_bond_stereo:60,string_mismatch_other:51,winding_flip:32,atom_stereo:23,encode_crash_other:11,macrocycle_perception:11,kekulize_encode_crash:10,H_on_terminal_oxo_imido:9,garbled_aromatic:7,geometry_NON:4,rmsd_mapping_failed:2
2026-07-14T16:28:11	16981	15063	88.7	1918	589	1239	90	0	timeout:906,no_conformers:263,donor_H_atom_count:195,high_rmsd:107,carborane_unsupported:90,gen_exception_other:70,geometry_or_fragment_change:64,EZ_bond_stereo:60,string_mismatch_other:52,winding_flip:32,atom_stereo:24,macrocycle_perception:12,encode_crash_other:11,kekulize_encode_crash:10,H_on_terminal_oxo_imido:9,garbled_aromatic:7,geometry_NON:4,rmsd_mapping_failed:2
2026-07-14T16:59:08	17162	15218	88.7	1944	599	1255	90	0	timeout:918,no_conformers:266,donor_H_atom_count:199,high_rmsd:107,carborane_unsupported:90,gen_exception_other:71,geometry_or_fragment_change:66,EZ_bond_stereo:62,string_mismatch_other:53,winding_flip:32,atom_stereo:24,macrocycle_perception:13,encode_crash_other:11,kekulize_encode_crash:10,H_on_terminal_oxo_imido:9,garbled_aromatic:7,geometry_NON:4,rmsd_mapping_failed:2
2026-07-14T17:29:30	17365	15403	88.7	1962	605	1266	91	0	timeout:926,no_conformers:269,donor_H_atom_count:200,high_rmsd:109,carborane_unsupported:91,gen_exception_other:71,geometry_or_fragment_change:67,EZ_bond_stereo:62,string_mismatch_other:54,winding_flip:32,atom_stereo:24,macrocycle_perception:13,encode_crash_other:11,kekulize_encode_crash:11,H_on_terminal_oxo_imido:9,garbled_aromatic:7,geometry_NON:4,rmsd_mapping_failed:2
2026-07-14T17:59:55	17553	15571	88.7	1982	613	1277	92	0	timeout:933,no_conformers:273,donor_H_atom_count:202,high_rmsd:110,carborane_unsupported:92,gen_exception_other:71,geometry_or_fragment_change:67,EZ_bond_stereo:63,string_mismatch_other:54,winding_flip:33,atom_stereo:25,macrocycle_perception:13,encode_crash_other:12,kekulize_encode_crash:12,H_on_terminal_oxo_imido:9,garbled_aromatic:7,geometry_NON:4,rmsd_mapping_failed:2
2026-07-14T18:31:12	17730	15722	88.7	2008	618	1298	92	0	timeout:947,no_conformers:279,donor_H_atom_count:202,high_rmsd:112,carborane_unsupported:92,gen_exception_other:72,geometry_or_fragment_change:67,EZ_bond_stereo:63,string_mismatch_other:56,winding_flip:33,atom_stereo:25,macrocycle_perception:13,encode_crash_other:12,kekulize_encode_crash:12,H_on_terminal_oxo_imido:10,garbled_aromatic:7,geometry_NON:4,rmsd_mapping_failed:2
2026-07-14T19:02:11	17871	15843	88.7	2028	620	1315	93	0	timeout:959,no_conformers:283,donor_H_atom_count:202,high_rmsd:114,carborane_unsupported:93,gen_exception_other:73,geometry_or_fragment_change:67,EZ_bond_stereo:63,string_mismatch_other:56,winding_flip:33,atom_stereo:25,macrocycle_perception:13,encode_crash_other:12,kekulize_encode_crash:12,H_on_terminal_oxo_imido:10,garbled_aromatic:7,geometry_NON:4,rmsd_mapping_failed:2
2026-07-14T19:33:12	17964	15911	88.6	2053	624	1336	93	0	timeout:979,no_conformers:284,donor_H_atom_count:202,high_rmsd:114,carborane_unsupported:93,gen_exception_other:73,geometry_or_fragment_change:69,EZ_bond_stereo:64,string_mismatch_other:56,winding_flip:33,atom_stereo:25,macrocycle_perception:14,encode_crash_other:12,kekulize_encode_crash:12,H_on_terminal_oxo_imido:10,garbled_aromatic:7,geometry_NON:4,rmsd_mapping_failed:2
2026-07-14T20:04:11	18081	16011	88.6	2070	626	1351	93	0	timeout:993,no_conformers:285,donor_H_atom_count:203,high_rmsd:114,carborane_unsupported:93,gen_exception_other:73,geometry_or_fragment_change:69,EZ_bond_stereo:65,string_mismatch_other:56,winding_flip:33,atom_stereo:25,macrocycle_perception:14,encode_crash_other:12,kekulize_encode_crash:12,H_on_terminal_oxo_imido:10,garbled_aromatic:7,geometry_NON:4,rmsd_mapping_failed:2
2026-07-14T20:35:09	18225	16129	88.5	2096	633	1368	95	0	timeout:1009,no_conformers:286,donor_H_atom_count:204,high_rmsd:116,carborane_unsupported:95,gen_exception_other:73,geometry_or_fragment_change:69,EZ_bond_stereo:66,string_mismatch_other:57,winding_flip:33,atom_stereo:26,macrocycle_perception:14,kekulize_encode_crash:13,encode_crash_other:12,H_on_terminal_oxo_imido:10,garbled_aromatic:7,geometry_NON:4,rmsd_mapping_failed:2
2026-07-14T21:06:09	18376	16255	88.5	2121	639	1386	96	0	timeout:1024,no_conformers:287,donor_H_atom_count:205,high_rmsd:118,carborane_unsupported:96,gen_exception_other:75,geometry_or_fragment_change:69,EZ_bond_stereo:66,string_mismatch_other:57,winding_flip:33,atom_stereo:27,macrocycle_perception:14,encode_crash_other:13,kekulize_encode_crash:13,H_on_terminal_oxo_imido:11,garbled_aromatic:7,geometry_NON:4,rmsd_mapping_failed:2
2026-07-14T21:37:13	18504	16366	88.4	2138	642	1400	96	0	timeout:1036,no_conformers:289,donor_H_atom_count:206,high_rmsd:118,carborane_unsupported:96,gen_exception_other:75,geometry_or_fragment_change:69,EZ_bond_stereo:68,string_mismatch_other:57,winding_flip:33,atom_stereo:27,macrocycle_perception:14,encode_crash_other:13,kekulize_encode_crash:13,H_on_terminal_oxo_imido:11,garbled_aromatic:7,geometry_NON:4,rmsd_mapping_failed:2
2026-07-14T22:08:10	18659	16498	88.4	2161	648	1415	98	0	timeout:1047,no_conformers:293,donor_H_atom_count:206,high_rmsd:121,carborane_unsupported:98,gen_exception_other:75,geometry_or_fragment_change:69,EZ_bond_stereo:69,string_mismatch_other:58,winding_flip:33,atom_stereo:27,macrocycle_perception:15,encode_crash_other:13,kekulize_encode_crash:13,H_on_terminal_oxo_imido:11,garbled_aromatic:7,geometry_NON:4,rmsd_mapping_failed:2
2026-07-14T22:39:10	18821	16637	88.4	2184	655	1430	99	0	timeout:1061,no_conformers:294,donor_H_atom_count:208,high_rmsd:123,carborane_unsupported:99,gen_exception_other:75,geometry_or_fragment_change:70,EZ_bond_stereo:69,string_mismatch_other:58,winding_flip:35,atom_stereo:27,macrocycle_perception:15,encode_crash_other:13,kekulize_encode_crash:13,H_on_terminal_oxo_imido:11,garbled_aromatic:7,geometry_NON:4,rmsd_mapping_failed:2
2026-07-14T23:10:14	18989	16781	88.4	2208	663	1442	103	0	timeout:1070,no_conformers:295,donor_H_atom_count:210,high_rmsd:126,carborane_unsupported:103,gen_exception_other:77,geometry_or_fragment_change:70,EZ_bond_stereo:70,string_mismatch_other:59,winding_flip:35,atom_stereo:27,macrocycle_perception:15,encode_crash_other:14,kekulize_encode_crash:13,H_on_terminal_oxo_imido:11,garbled_aromatic:7,geometry_NON:4,rmsd_mapping_failed:2
2026-07-14T23:41:14	19179	16939	88.3	2240	674	1458	107	1	timeout:1079,no_conformers:300,donor_H_atom_count:214,high_rmsd:129,carborane_unsupported:107,gen_exception_other:79,geometry_or_fragment_change:70,EZ_bond_stereo:70,string_mismatch_other:60,winding_flip:35,atom_stereo:28,macrocycle_perception:15,encode_crash_other:14,kekulize_encode_crash:14,H_on_terminal_oxo_imido:11,garbled_aromatic:7,geometry_NON:5,rmsd_mapping_failed:2,interrupted:1
2026-07-15T00:12:13	19384	17124	88.3	2260	683	1469	108	0	timeout:1086,no_conformers:304,donor_H_atom_count:218,high_rmsd:130,carborane_unsupported:108,gen_exception_other:79,geometry_or_fragment_change:71,EZ_bond_stereo:70,string_mismatch_other:62,winding_flip:35,atom_stereo:28,macrocycle_perception:15,kekulize_encode_crash:15,encode_crash_other:14,H_on_terminal_oxo_imido:11,garbled_aromatic:7,geometry_NON:5,rmsd_mapping_failed:2
2026-07-15T00:43:10	19574	17294	88.4	2280	689	1483	108	0	timeout:1095,no_conformers:308,donor_H_atom_count:219,high_rmsd:132,carborane_unsupported:108,gen_exception_other:80,EZ_bond_stereo:72,geometry_or_fragment_change:71,string_mismatch_other:62,winding_flip:35,atom_stereo:28,macrocycle_perception:15,kekulize_encode_crash:15,encode_crash_other:14,H_on_terminal_oxo_imido:12,garbled_aromatic:7,geometry_NON:5,rmsd_mapping_failed:2
2026-07-15T01:14:12	19751	17448	88.3	2303	692	1502	109	0	timeout:1110,no_conformers:311,donor_H_atom_count:220,high_rmsd:132,carborane_unsupported:109,gen_exception_other:81,EZ_bond_stereo:73,geometry_or_fragment_change:72,string_mismatch_other:62,winding_flip:35,atom_stereo:28,macrocycle_perception:15,kekulize_encode_crash:15,encode_crash_other:14,H_on_terminal_oxo_imido:12,garbled_aromatic:7,geometry_NON:5,rmsd_mapping_failed:2
2026-07-15T01:45:11	19937	17614	88.3	2323	695	1518	110	0	timeout:1120,no_conformers:316,donor_H_atom_count:220,high_rmsd:132,carborane_unsupported:110,gen_exception_other:82,EZ_bond_stereo:73,geometry_or_fragment_change:72,string_mismatch_other:64,winding_flip:36,atom_stereo:28,macrocycle_perception:15,kekulize_encode_crash:15,encode_crash_other:14,H_on_terminal_oxo_imido:12,garbled_aromatic:7,geometry_NON:5,rmsd_mapping_failed:2
2026-07-15T02:16:12	20116	17773	88.4	2343	704	1528	111	0	timeout:1125,no_conformers:320,donor_H_atom_count:221,high_rmsd:134,carborane_unsupported:111,gen_exception_other:83,EZ_bond_stereo:75,geometry_or_fragment_change:73,string_mismatch_other:66,winding_flip:36,atom_stereo:28,encode_crash_other:15,macrocycle_perception:15,kekulize_encode_crash:15,H_on_terminal_oxo_imido:12,garbled_aromatic:7,geometry_NON:5,rmsd_mapping_failed:2
2026-07-15T02:47:09	20314	17948	88.4	2366	711	1544	111	0	timeout:1137,no_conformers:324,donor_H_atom_count:221,high_rmsd:139,carborane_unsupported:111,gen_exception_other:83,EZ_bond_stereo:75,geometry_or_fragment_change:74,string_mismatch_other:67,winding_flip:36,atom_stereo:28,encode_crash_other:15,macrocycle_perception:15,kekulize_encode_crash:15,H_on_terminal_oxo_imido:12,garbled_aromatic:7,geometry_NON:5,rmsd_mapping_failed:2
2026-07-15T03:18:09	20516	18133	88.4	2383	718	1554	111	0	timeout:1145,no_conformers:325,donor_H_atom_count:222,high_rmsd:140,carborane_unsupported:111,gen_exception_other:84,EZ_bond_stereo:76,geometry_or_fragment_change:74,string_mismatch_other:69,winding_flip:37,atom_stereo:28,kekulize_encode_crash:16,encode_crash_other:15,macrocycle_perception:15,H_on_terminal_oxo_imido:12,garbled_aromatic:7,geometry_NON:5,rmsd_mapping_failed:2
2026-07-15T03:49:12	20726	18327	88.4	2399	723	1564	111	1	timeout:1153,no_conformers:326,donor_H_atom_count:223,high_rmsd:142,carborane_unsupported:111,gen_exception_other:85,EZ_bond_stereo:77,geometry_or_fragment_change:74,string_mismatch_other:70,winding_flip:37,atom_stereo:28,kekulize_encode_crash:16,encode_crash_other:15,macrocycle_perception:15,H_on_terminal_oxo_imido:12,garbled_aromatic:7,geometry_NON:5,rmsd_mapping_failed:2,interrupted:1
2026-07-15T04:20:09	20925	18506	88.4	2419	728	1578	113	0	timeout:1165,no_conformers:326,donor_H_atom_count:224,high_rmsd:142,carborane_unsupported:113,gen_exception_other:87,EZ_bond_stereo:79,geometry_or_fragment_change:74,string_mismatch_other:71,winding_flip:37,atom_stereo:29,kekulize_encode_crash:16,encode_crash_other:15,macrocycle_perception:15,H_on_terminal_oxo_imido:12,garbled_aromatic:7,geometry_NON:5,rmsd_mapping_failed:2
2026-07-15T04:51:10	21129	18686	88.4	2443	734	1594	115	0	timeout:1174,no_conformers:332,donor_H_atom_count:225,high_rmsd:142,carborane_unsupported:115,gen_exception_other:88,EZ_bond_stereo:80,geometry_or_fragment_change:74,string_mismatch_other:72,winding_flip:37,atom_stereo:30,kekulize_encode_crash:17,encode_crash_other:16,macrocycle_perception:15,H_on_terminal_oxo_imido:12,garbled_aromatic:7,geometry_NON:5,rmsd_mapping_failed:2
2026-07-15T05:22:13	21312	18847	88.4	2465	737	1613	115	0	timeout:1190,no_conformers:334,donor_H_atom_count:225,high_rmsd:143,carborane_unsupported:115,gen_exception_other:89,EZ_bond_stereo:80,geometry_or_fragment_change:75,string_mismatch_other:72,winding_flip:38,atom_stereo:30,kekulize_encode_crash:17,encode_crash_other:16,macrocycle_perception:15,H_on_terminal_oxo_imido:12,garbled_aromatic:7,geometry_NON:5,rmsd_mapping_failed:2
2026-07-15T05:53:13	21528	19048	88.5	2480	742	1622	116	0	timeout:1197,no_conformers:335,donor_H_atom_count:227,high_rmsd:145,carborane_unsupported:116,gen_exception_other:90,EZ_bond_stereo:80,geometry_or_fragment_change:75,string_mismatch_other:72,winding_flip:39,atom_stereo:30,kekulize_encode_crash:17,encode_crash_other:16,macrocycle_perception:15,H_on_terminal_oxo_imido:12,garbled_aromatic:7,geometry_NON:5,rmsd_mapping_failed:2
2026-07-15T06:24:18	21708	19204	88.5	2504	747	1639	117	1	timeout:1210,no_conformers:338,donor_H_atom_count:228,high_rmsd:145,carborane_unsupported:117,gen_exception_other:91,EZ_bond_stereo:80,geometry_or_fragment_change:75,string_mismatch_other:73,winding_flip:40,atom_stereo:31,kekulize_encode_crash:17,encode_crash_other:16,macrocycle_perception:16,H_on_terminal_oxo_imido:12,garbled_aromatic:7,geometry_NON:5,rmsd_mapping_failed:2,interrupted:1
2026-07-15T06:55:10	21874	19345	88.4	2529	757	1654	118	0	timeout:1221,no_conformers:340,donor_H_atom_count:231,high_rmsd:147,carborane_unsupported:118,gen_exception_other:93,EZ_bond_stereo:80,geometry_or_fragment_change:75,string_mismatch_other:73,winding_flip:43,atom_stereo:33,kekulize_encode_crash:17,encode_crash_other:16,macrocycle_perception:16,H_on_terminal_oxo_imido:12,garbled_aromatic:7,geometry_NON:5,rmsd_mapping_failed:2
2026-07-15T07:26:16	22082	19531	88.4	2551	767	1665	119	0	timeout:1229,no_conformers:342,donor_H_atom_count:234,high_rmsd:148,carborane_unsupported:119,gen_exception_other:94,EZ_bond_stereo:81,geometry_or_fragment_change:76,string_mismatch_other:73,winding_flip:43,atom_stereo:34,kekulize_encode_crash:18,macrocycle_perception:17,encode_crash_other:16,H_on_terminal_oxo_imido:12,garbled_aromatic:8,geometry_NON:5,rmsd_mapping_failed:2
2026-07-15T07:57:13	22292	19719	88.5	2573	774	1675	124	0	timeout:1234,no_conformers:345,donor_H_atom_count:236,high_rmsd:148,carborane_unsupported:124,gen_exception_other:96,EZ_bond_stereo:82,geometry_or_fragment_change:78,string_mismatch_other:75,winding_flip:43,atom_stereo:34,kekulize_encode_crash:18,macrocycle_perception:17,encode_crash_other:16,H_on_terminal_oxo_imido:12,garbled_aromatic:8,geometry_NON:5,rmsd_mapping_failed:2
2026-07-15T08:28:12	22481	19885	88.5	2596	782	1690	124	0	timeout:1240,no_conformers:351,donor_H_atom_count:240,high_rmsd:149,carborane_unsupported:124,gen_exception_other:99,EZ_bond_stereo:83,geometry_or_fragment_change:79,string_mismatch_other:75,winding_flip:43,atom_stereo:35,kekulize_encode_crash:18,macrocycle_perception:17,encode_crash_other:16,H_on_terminal_oxo_imido:12,garbled_aromatic:8,geometry_NON:5,rmsd_mapping_failed:2
2026-07-15T08:59:13	22671	20052	88.4	2619	788	1706	124	1	timeout:1251,no_conformers:356,donor_H_atom_count:241,high_rmsd:150,carborane_unsupported:124,gen_exception_other:99,EZ_bond_stereo:83,geometry_or_fragment_change:80,string_mismatch_other:75,winding_flip:43,atom_stereo:35,macrocycle_perception:18,kekulize_encode_crash:18,encode_crash_other:16,H_on_terminal_oxo_imido:14,garbled_aromatic:8,geometry_NON:5,rmsd_mapping_failed:2,interrupted:1
2026-07-15T09:29:49	22850	20208	88.4	2642	798	1720	124	0	timeout:1262,no_conformers:359,donor_H_atom_count:244,high_rmsd:150,carborane_unsupported:124,gen_exception_other:99,EZ_bond_stereo:85,geometry_or_fragment_change:80,string_mismatch_other:76,winding_flip:44,atom_stereo:37,macrocycle_perception:18,kekulize_encode_crash:18,encode_crash_other:16,H_on_terminal_oxo_imido:15,garbled_aromatic:8,geometry_NON:5,rmsd_mapping_failed:2
2026-07-15T10:00:08	23039	20367	88.4	2672	803	1742	127	0	timeout:1276,no_conformers:365,donor_H_atom_count:245,high_rmsd:151,carborane_unsupported:127,gen_exception_other:101,EZ_bond_stereo:85,geometry_or_fragment_change:81,string_mismatch_other:76,winding_flip:44,atom_stereo:39,macrocycle_perception:18,kekulize_encode_crash:18,encode_crash_other:16,H_on_terminal_oxo_imido:15,garbled_aromatic:8,geometry_NON:5,rmsd_mapping_failed:2
2026-07-15T10:31:09	23226	20530	88.4	2696	809	1759	128	0	timeout:1286,no_conformers:371,donor_H_atom_count:247,high_rmsd:152,carborane_unsupported:128,gen_exception_other:102,EZ_bond_stereo:85,geometry_or_fragment_change:81,string_mismatch_other:76,winding_flip:44,atom_stereo:41,macrocycle_perception:18,kekulize_encode_crash:18,encode_crash_other:16,H_on_terminal_oxo_imido:15,garbled_aromatic:9,geometry_NON:5,rmsd_mapping_failed:2
2026-07-15T11:02:24	23306	20606	88.4	2700	809	1763	128	0	timeout:1289,no_conformers:372,donor_H_atom_count:247,high_rmsd:152,carborane_unsupported:128,gen_exception_other:102,EZ_bond_stereo:85,geometry_or_fragment_change:81,string_mismatch_other:76,winding_flip:44,atom_stereo:41,macrocycle_perception:18,kekulize_encode_crash:18,encode_crash_other:16,H_on_terminal_oxo_imido:15,garbled_aromatic:9,geometry_NON:5,rmsd_mapping_failed:2
2026-07-15T11:33:16	23306	20606	88.4	2700	809	1763	128	0	timeout:1289,no_conformers:372,donor_H_atom_count:247,high_rmsd:152,carborane_unsupported:128,gen_exception_other:102,EZ_bond_stereo:85,geometry_or_fragment_change:81,string_mismatch_other:76,winding_flip:44,atom_stereo:41,macrocycle_perception:18,kekulize_encode_crash:18,encode_crash_other:16,H_on_terminal_oxo_imido:15,garbled_aromatic:9,geometry_NON:5,rmsd_mapping_failed:2
2026-07-15T12:04:17	23306	20606	88.4	2700	809	1763	128	0	timeout:1289,no_conformers:372,donor_H_atom_count:247,high_rmsd:152,carborane_unsupported:128,gen_exception_other:102,EZ_bond_stereo:85,geometry_or_fragment_change:81,string_mismatch_other:76,winding_flip:44,atom_stereo:41,macrocycle_perception:18,kekulize_encode_crash:18,encode_crash_other:16,H_on_terminal_oxo_imido:15,garbled_aromatic:9,geometry_NON:5,rmsd_mapping_failed:2
2026-07-15T13:07:23	23306	20606	88.4	2700	809	1763	128	0	timeout:1289,no_conformers:372,donor_H_atom_count:247,high_rmsd:152,carborane_unsupported:128,gen_exception_other:102,EZ_bond_stereo:85,geometry_or_fragment_change:81,string_mismatch_other:76,winding_flip:44,atom_stereo:41,macrocycle_perception:18,kekulize_encode_crash:18,encode_crash_other:16,H_on_terminal_oxo_imido:15,garbled_aromatic:9,geometry_NON:5,rmsd_mapping_failed:2
2026-07-15T14:08:21	23306	20606	88.4	2700	809	1763	128	0	timeout:1289,no_conformers:372,donor_H_atom_count:247,high_rmsd:152,carborane_unsupported:128,gen_exception_other:102,EZ_bond_stereo:85,geometry_or_fragment_change:81,string_mismatch_other:76,winding_flip:44,atom_stereo:41,macrocycle_perception:18,kekulize_encode_crash:18,encode_crash_other:16,H_on_terminal_oxo_imido:15,garbled_aromatic:9,geometry_NON:5,rmsd_mapping_failed:2
2026-07-15T15:09:22	23306	20606	88.4	2700	809	1763	128	0	timeout:1289,no_conformers:372,donor_H_atom_count:247,high_rmsd:152,carborane_unsupported:128,gen_exception_other:102,EZ_bond_stereo:85,geometry_or_fragment_change:81,string_mismatch_other:76,winding_flip:44,atom_stereo:41,macrocycle_perception:18,kekulize_encode_crash:18,encode_crash_other:16,H_on_terminal_oxo_imido:15,garbled_aromatic:9,geometry_NON:5,rmsd_mapping_failed:2
2026-07-15T16:10:15	23306	20606	88.4	2700	809	1763	128	0	timeout:1289,no_conformers:372,donor_H_atom_count:247,high_rmsd:152,carborane_unsupported:128,gen_exception_other:102,EZ_bond_stereo:85,geometry_or_fragment_change:81,string_mismatch_other:76,winding_flip:44,atom_stereo:41,macrocycle_perception:18,kekulize_encode_crash:18,encode_crash_other:16,H_on_terminal_oxo_imido:15,garbled_aromatic:9,geometry_NON:5,rmsd_mapping_failed:2
2026-07-15T17:11:19	23306	20606	88.4	2700	809	1763	128	0	timeout:1289,no_conformers:372,donor_H_atom_count:247,high_rmsd:152,carborane_unsupported:128,gen_exception_other:102,EZ_bond_stereo:85,geometry_or_fragment_change:81,string_mismatch_other:76,winding_flip:44,atom_stereo:41,macrocycle_perception:18,kekulize_encode_crash:18,encode_crash_other:16,H_on_terminal_oxo_imido:15,garbled_aromatic:9,geometry_NON:5,rmsd_mapping_failed:2
2026-07-15T18:12:09	23306	20606	88.4	2700	809	1763	128	0	timeout:1289,no_conformers:372,donor_H_atom_count:247,high_rmsd:152,carborane_unsupported:128,gen_exception_other:102,EZ_bond_stereo:85,geometry_or_fragment_change:81,string_mismatch_other:76,winding_flip:44,atom_stereo:41,macrocycle_perception:18,kekulize_encode_crash:18,encode_crash_other:16,H_on_terminal_oxo_imido:15,garbled_aromatic:9,geometry_NON:5,rmsd_mapping_failed:2
2026-07-15T19:13:24	23306	20606	88.4	2700	809	1763	128	0	timeout:1289,no_conformers:372,donor_H_atom_count:247,high_rmsd:152,carborane_unsupported:128,gen_exception_other:102,EZ_bond_stereo:85,geometry_or_fragment_change:81,string_mismatch_other:76,winding_flip:44,atom_stereo:41,macrocycle_perception:18,kekulize_encode_crash:18,encode_crash_other:16,H_on_terminal_oxo_imido:15,garbled_aromatic:9,geometry_NON:5,rmsd_mapping_failed:2
2026-07-15T20:14:24	23306	20606	88.4	2700	809	1763	128	0	timeout:1289,no_conformers:372,donor_H_atom_count:247,high_rmsd:152,carborane_unsupported:128,gen_exception_other:102,EZ_bond_stereo:85,geometry_or_fragment_change:81,string_mismatch_other:76,winding_flip:44,atom_stereo:41,macrocycle_perception:18,kekulize_encode_crash:18,encode_crash_other:16,H_on_terminal_oxo_imido:15,garbled_aromatic:9,geometry_NON:5,rmsd_mapping_failed:2
2026-07-15T21:15:17	23306	20606	88.4	2700	809	1763	128	0	timeout:1289,no_conformers:372,donor_H_atom_count:247,high_rmsd:152,carborane_unsupported:128,gen_exception_other:102,EZ_bond_stereo:85,geometry_or_fragment_change:81,string_mismatch_other:76,winding_flip:44,atom_stereo:41,macrocycle_perception:18,kekulize_encode_crash:18,encode_crash_other:16,H_on_terminal_oxo_imido:15,garbled_aromatic:9,geometry_NON:5,rmsd_mapping_failed:2
2026-07-15T22:16:33	23306	20606	88.4	2700	809	1763	128	0	timeout:1289,no_conformers:372,donor_H_atom_count:247,high_rmsd:152,carborane_unsupported:128,gen_exception_other:102,EZ_bond_stereo:85,geometry_or_fragment_change:81,string_mismatch_other:76,winding_flip:44,atom_stereo:41,macrocycle_perception:18,kekulize_encode_crash:18,encode_crash_other:16,H_on_terminal_oxo_imido:15,garbled_aromatic:9,geometry_NON:5,rmsd_mapping_failed:2
2026-07-15T23:17:21	23306	20606	88.4	2700	809	1763	128	0	timeout:1289,no_conformers:372,donor_H_atom_count:247,high_rmsd:152,carborane_unsupported:128,gen_exception_other:102,EZ_bond_stereo:85,geometry_or_fragment_change:81,string_mismatch_other:76,winding_flip:44,atom_stereo:41,macrocycle_perception:18,kekulize_encode_crash:18,encode_crash_other:16,H_on_terminal_oxo_imido:15,garbled_aromatic:9,geometry_NON:5,rmsd_mapping_failed:2
2026-07-16T00:19:44	23306	20606	88.4	2700	809	1763	128	0	timeout:1289,no_conformers:372,donor_H_atom_count:247,high_rmsd:152,carborane_unsupported:128,gen_exception_other:102,EZ_bond_stereo:85,geometry_or_fragment_change:81,string_mismatch_other:76,winding_flip:44,atom_stereo:41,macrocycle_perception:18,kekulize_encode_crash:18,encode_crash_other:16,H_on_terminal_oxo_imido:15,garbled_aromatic:9,geometry_NON:5,rmsd_mapping_failed:2
2026-07-16T01:20:16	23306	20606	88.4	2700	809	1763	128	0	timeout:1289,no_conformers:372,donor_H_atom_count:247,high_rmsd:152,carborane_unsupported:128,gen_exception_other:102,EZ_bond_stereo:85,geometry_or_fragment_change:81,string_mismatch_other:76,winding_flip:44,atom_stereo:41,macrocycle_perception:18,kekulize_encode_crash:18,encode_crash_other:16,H_on_terminal_oxo_imido:15,garbled_aromatic:9,geometry_NON:5,rmsd_mapping_failed:2
2026-07-16T02:21:15	23306	20606	88.4	2700	809	1763	128	0	timeout:1289,no_conformers:372,donor_H_atom_count:247,high_rmsd:152,carborane_unsupported:128,gen_exception_other:102,EZ_bond_stereo:85,geometry_or_fragment_change:81,string_mismatch_other:76,winding_flip:44,atom_stereo:41,macrocycle_perception:18,kekulize_encode_crash:18,encode_crash_other:16,H_on_terminal_oxo_imido:15,garbled_aromatic:9,geometry_NON:5,rmsd_mapping_failed:2
2026-07-16T03:22:13	23306	20606	88.4	2700	809	1763	128	0	timeout:1289,no_conformers:372,donor_H_atom_count:247,high_rmsd:152,carborane_unsupported:128,gen_exception_other:102,EZ_bond_stereo:85,geometry_or_fragment_change:81,string_mismatch_other:76,winding_flip:44,atom_stereo:41,macrocycle_perception:18,kekulize_encode_crash:18,encode_crash_other:16,H_on_terminal_oxo_imido:15,garbled_aromatic:9,geometry_NON:5,rmsd_mapping_failed:2
2026-07-16T04:23:16	23306	20606	88.4	2700	809	1763	128	0	timeout:1289,no_conformers:372,donor_H_atom_count:247,high_rmsd:152,carborane_unsupported:128,gen_exception_other:102,EZ_bond_stereo:85,geometry_or_fragment_change:81,string_mismatch_other:76,winding_flip:44,atom_stereo:41,macrocycle_perception:18,kekulize_encode_crash:18,encode_crash_other:16,H_on_terminal_oxo_imido:15,garbled_aromatic:9,geometry_NON:5,rmsd_mapping_failed:2
2026-07-16T05:24:18	23306	20606	88.4	2700	809	1763	128	0	timeout:1289,no_conformers:372,donor_H_atom_count:247,high_rmsd:152,carborane_unsupported:128,gen_exception_other:102,EZ_bond_stereo:85,geometry_or_fragment_change:81,string_mismatch_other:76,winding_flip:44,atom_stereo:41,macrocycle_perception:18,kekulize_encode_crash:18,encode_crash_other:16,H_on_terminal_oxo_imido:15,garbled_aromatic:9,geometry_NON:5,rmsd_mapping_failed:2
2026-07-16T06:25:12	23306	20606	88.4	2700	809	1763	128	0	timeout:1289,no_conformers:372,donor_H_atom_count:247,high_rmsd:152,carborane_unsupported:128,gen_exception_other:102,EZ_bond_stereo:85,geometry_or_fragment_change:81,string_mismatch_other:76,winding_flip:44,atom_stereo:41,macrocycle_perception:18,kekulize_encode_crash:18,encode_crash_other:16,H_on_terminal_oxo_imido:15,garbled_aromatic:9,geometry_NON:5,rmsd_mapping_failed:2
2026-07-17T12:36:02	23312	20612	88.4	2700	809	1763	128	0	timeout:1290,no_conformers:371,donor_H_atom_count:247,high_rmsd:152,carborane_unsupported:128,gen_exception_other:102,EZ_bond_stereo:85,geometry_or_fragment_change:81,string_mismatch_other:76,winding_flip:44,atom_stereo:41,macrocycle_perception:18,kekulize_encode_crash:18,encode_crash_other:16,H_on_terminal_oxo_imido:15,garbled_aromatic:9,geometry_NON:5,rmsd_mapping_failed:2
2026-07-17T13:02:13	23383	20672	88.4	2711	814	1767	130	0	timeout:1293,no_conformers:371,donor_H_atom_count:248,high_rmsd:152,carborane_unsupported:130,gen_exception_other:103,EZ_bond_stereo:86,geometry_or_fragment_change:81,string_mismatch_other:78,winding_flip:45,atom_stereo:41,macrocycle_perception:18,kekulize_encode_crash:18,encode_crash_other:16,H_on_terminal_oxo_imido:15,garbled_aromatic:9,geometry_NON:5,rmsd_mapping_failed:2
2026-07-17T13:28:09	23470	20748	88.4	2722	820	1772	130	0	timeout:1296,no_conformers:372,donor_H_atom_count:250,high_rmsd:154,carborane_unsupported:130,gen_exception_other:104,EZ_bond_stereo:86,geometry_or_fragment_change:81,string_mismatch_other:78,winding_flip:46,atom_stereo:42,macrocycle_perception:18,kekulize_encode_crash:18,encode_crash_other:16,H_on_terminal_oxo_imido:15,garbled_aromatic:9,geometry_NON:5,rmsd_mapping_failed:2
2026-07-17T13:54:12	23543	20815	88.4	2728	824	1774	130	0	timeout:1298,no_conformers:372,donor_H_atom_count:253,high_rmsd:154,carborane_unsupported:130,gen_exception_other:104,EZ_bond_stereo:86,geometry_or_fragment_change:81,string_mismatch_other:79,winding_flip:46,atom_stereo:42,macrocycle_perception:18,kekulize_encode_crash:18,encode_crash_other:16,H_on_terminal_oxo_imido:15,garbled_aromatic:9,geometry_NON:5,rmsd_mapping_failed:2
2026-07-17T14:20:14	23633	20894	88.4	2739	826	1783	130	0	timeout:1303,no_conformers:376,donor_H_atom_count:254,high_rmsd:154,carborane_unsupported:130,gen_exception_other:104,EZ_bond_stereo:86,geometry_or_fragment_change:81,string_mismatch_other:80,winding_flip:46,atom_stereo:42,macrocycle_perception:18,kekulize_encode_crash:18,encode_crash_other:16,H_on_terminal_oxo_imido:15,garbled_aromatic:9,geometry_NON:5,rmsd_mapping_failed:2
2026-07-17T14:46:11	23717	20971	88.4	2746	828	1788	130	0	timeout:1307,no_conformers:377,donor_H_atom_count:254,high_rmsd:154,carborane_unsupported:130,gen_exception_other:104,EZ_bond_stereo:86,geometry_or_fragment_change:81,string_mismatch_other:81,winding_flip:47,atom_stereo:42,macrocycle_perception:18,kekulize_encode_crash:18,encode_crash_other:16,H_on_terminal_oxo_imido:15,garbled_aromatic:9,geometry_NON:5,rmsd_mapping_failed:2
2026-07-17T15:12:10	23899	21136	88.4	2763	834	1799	130	0	timeout:1315,no_conformers:380,donor_H_atom_count:255,high_rmsd:154,carborane_unsupported:130,gen_exception_other:104,EZ_bond_stereo:87,geometry_or_fragment_change:83,string_mismatch_other:81,winding_flip:48,atom_stereo:43,macrocycle_perception:18,kekulize_encode_crash:18,encode_crash_other:16,H_on_terminal_oxo_imido:15,garbled_aromatic:9,geometry_NON:5,rmsd_mapping_failed:2
2026-07-17T15:38:09	24078	21301	88.5	2777	836	1811	130	0	timeout:1321,no_conformers:386,donor_H_atom_count:255,high_rmsd:154,carborane_unsupported:130,gen_exception_other:104,EZ_bond_stereo:87,geometry_or_fragment_change:84,string_mismatch_other:82,winding_flip:48,atom_stereo:43,macrocycle_perception:18,kekulize_encode_crash:18,encode_crash_other:16,H_on_terminal_oxo_imido:15,garbled_aromatic:9,geometry_NON:5,rmsd_mapping_failed:2
2026-07-17T16:04:10	24264	21473	88.5	2791	841	1819	131	0	timeout:1326,no_conformers:387,donor_H_atom_count:258,high_rmsd:156,carborane_unsupported:131,gen_exception_other:106,EZ_bond_stereo:87,geometry_or_fragment_change:84,string_mismatch_other:82,winding_flip:48,atom_stereo:43,macrocycle_perception:18,kekulize_encode_crash:18,encode_crash_other:16,H_on_terminal_oxo_imido:15,garbled_aromatic:9,geometry_NON:5,rmsd_mapping_failed:2
2026-07-17T16:30:09	24361	21552	88.5	2809	842	1835	132	0	timeout:1339,no_conformers:390,donor_H_atom_count:258,high_rmsd:156,carborane_unsupported:132,gen_exception_other:106,EZ_bond_stereo:87,geometry_or_fragment_change:84,string_mismatch_other:82,winding_flip:48,atom_stereo:43,kekulize_encode_crash:19,macrocycle_perception:18,encode_crash_other:16,H_on_terminal_oxo_imido:15,garbled_aromatic:9,geometry_NON:5,rmsd_mapping_failed:2
2026-07-17T16:57:13	24448	21620	88.4	2828	844	1850	134	0	timeout:1353,no_conformers:391,donor_H_atom_count:258,high_rmsd:156,carborane_unsupported:134,gen_exception_other:106,EZ_bond_stereo:87,geometry_or_fragment_change:84,string_mismatch_other:83,winding_flip:49,atom_stereo:43,kekulize_encode_crash:19,macrocycle_perception:18,encode_crash_other:16,H_on_terminal_oxo_imido:15,garbled_aromatic:9,geometry_NON:5,rmsd_mapping_failed:2
2026-07-17T19:18:14	25197	22280	88.4	2917	874	1901	142	0	timeout:1388,no_conformers:403,donor_H_atom_count:271,high_rmsd:162,carborane_unsupported:142,gen_exception_other:110,EZ_bond_stereo:88,string_mismatch_other:87,geometry_or_fragment_change:85,winding_flip:50,atom_stereo:44,macrocycle_perception:19,kekulize_encode_crash:19,encode_crash_other:16,H_on_terminal_oxo_imido:16,garbled_aromatic:9,geometry_NON:6,rmsd_mapping_failed:2
2026-07-17T20:32:15	25197	22280	88.4	2917	874	1901	142	0	timeout:1388,no_conformers:403,donor_H_atom_count:271,high_rmsd:162,carborane_unsupported:142,gen_exception_other:110,EZ_bond_stereo:88,string_mismatch_other:87,geometry_or_fragment_change:85,winding_flip:50,atom_stereo:44,macrocycle_perception:19,kekulize_encode_crash:19,encode_crash_other:16,H_on_terminal_oxo_imido:16,garbled_aromatic:9,geometry_NON:6,rmsd_mapping_failed:2
2026-07-17T21:33:13	25197	22280	88.4	2917	874	1901	142	0	timeout:1388,no_conformers:403,donor_H_atom_count:271,high_rmsd:162,carborane_unsupported:142,gen_exception_other:110,EZ_bond_stereo:88,string_mismatch_other:87,geometry_or_fragment_change:85,winding_flip:50,atom_stereo:44,macrocycle_perception:19,kekulize_encode_crash:19,encode_crash_other:16,H_on_terminal_oxo_imido:16,garbled_aromatic:9,geometry_NON:6,rmsd_mapping_failed:2
2026-07-17T22:52:24	25197	22280	88.4	2917	873	1902	142	0	timeout:1389,no_conformers:403,donor_H_atom_count:271,high_rmsd:162,carborane_unsupported:142,gen_exception_other:110,EZ_bond_stereo:88,string_mismatch_other:87,geometry_or_fragment_change:85,winding_flip:52,atom_stereo:41,macrocycle_perception:19,kekulize_encode_crash:19,encode_crash_other:16,H_on_terminal_oxo_imido:16,garbled_aromatic:9,geometry_NON:6,rmsd_mapping_failed:2
