# golden	name	sha_in	sha_out	len_in	len_out	eta	xyz_sha(observation)	status   -- arm `verify`: 31c7eaf1
v047	DOKROM_comp_0	HARD_TIMEOUT@450s	HARD_TIMEOUT@450s	-	-	-		ERROR:HardTimeout:SIGKILL after 450s
v047	GIMWAA_comp_0	9b1bd70a48ac3b5c0c4ee169dd1f50331b59400ed66382c2cf4013ce293b648c	977ab3125e92c3e0441a87bd6fea0fae2f2443ffcb8c98a6635937567b07044a	102	100	eta	9faffc9e9b22dd355c5595aceeef4d97a7481aff700f1b1f8cf86a8fdb1ea823	OK	b0aef8cbf47c14fbe52fcdc10b86da19a931349adcc03e966c1918454df9d74f
v047	HAMGAD_comp_0	55aa20930c25f094d974575015fc4e0ef04de5ee830f8f1d8f5a5fa56a6778a1	b24cc1ff294103f82cf46a2e409d4255c2649fa7123f11ae47f3a259865f4d5b	105	113	-	9150bb8845ae2a5d9607cafa9a8cafe83d8d2b806efa9e8ef2f16489320fbb9e	OK	55aa20930c25f094d974575015fc4e0ef04de5ee830f8f1d8f5a5fa56a6778a1
v047	HAMGEH_comp_0	55aa20930c25f094d974575015fc4e0ef04de5ee830f8f1d8f5a5fa56a6778a1	b24cc1ff294103f82cf46a2e409d4255c2649fa7123f11ae47f3a259865f4d5b	105	113	-	9150bb8845ae2a5d9607cafa9a8cafe83d8d2b806efa9e8ef2f16489320fbb9e	OK	55aa20930c25f094d974575015fc4e0ef04de5ee830f8f1d8f5a5fa56a6778a1
v047	IJOSOP_comp_0	0113dfa6e44b8f364fc6717bf47b296c9cee852612deecbd54a2e95a6b2b6c33	0113dfa6e44b8f364fc6717bf47b296c9cee852612deecbd54a2e95a6b2b6c33	134	134	-	231424e5c6f31b861a7a2957b8843264f7edd72fbe7c8adc62abfea61568c56d	OK	0113dfa6e44b8f364fc6717bf47b296c9cee852612deecbd54a2e95a6b2b6c33
v047	KUJGEC_comp_0	92d38c204858b86dc949fe10fa2320a6e3aa9462de215efe253b585e70119304	92d38c204858b86dc949fe10fa2320a6e3aa9462de215efe253b585e70119304	97	97	eta	141b4a27495c25a57e8e02672247d0299b9757536a36cbd7183db438f86e2cbc	OK	92d38c204858b86dc949fe10fa2320a6e3aa9462de215efe253b585e70119304
v047	LARQED_comp_0	e650e5afdf5cef788bc9bfbc23fbb14c3e558c106162906f5671fc69a37b18d5	e650e5afdf5cef788bc9bfbc23fbb14c3e558c106162906f5671fc69a37b18d5	139	139	eta	ead33e7820012c361365d6a74e13eb3ecd0df1ad7dcf756231b5ab62f4ba91d4	OK	32850d536fa98e22a5c7c29afd0faa1af010a7c5dcf46e772a4351a1bcb1ee71
v047	MIQWEO_comp_0	0e5f30c54ba4becd099bebd09295e806ae6a9dec76b25d0761b15fd20eecd782	0e5f30c54ba4becd099bebd09295e806ae6a9dec76b25d0761b15fd20eecd782	165	165	eta	fe2188ee27255e842241d9117b637731c9801874c4313b55f2c4d0eb30a9eff1	OK	0e5f30c54ba4becd099bebd09295e806ae6a9dec76b25d0761b15fd20eecd782
v047	OROJUB_comp_0	606c8a3021f1b9e1866bd01adff714c0b2ad9b2c850758d0f534ffaf9ee9f5e3	a51aa1f1b8e57589b609e0d5fe1378599d4b8e636b41ab51ad67fc98c8cfbb41	121	127	-	5c559316e0dc89a9de0ce40ef7e0a8d0c28ff30ef81e17059ee7331567fc8185	OK	606c8a3021f1b9e1866bd01adff714c0b2ad9b2c850758d0f534ffaf9ee9f5e3
v047	OTIGIJ_comp_0	f855fdc042924d9fcc02ede5667959a1b5ca0f9f30e02463796e5e47fa5f8191	cf670fa22efa75c34f478233b4c74a840a647f66a40d5f7f162a4a13a36a8b75	161	169	-	82a1b9be2a8f823860564b0a41cb5bbd8f06133f97728d82c594d297887cf93a	OK	08626507cfc8a7626013f429fbf018e990a3d4d6d66e2d2ffd1d27e6648f67bf
v049	HACYEQ_comp_0	e2fb5bdda0a881b0636b2c9e83a47b737a87ad5662fa0012890d9980c21b8a84	e791153b8bb1db042997d6d63194e311479276686469ecec773b965029578977	129	136	-	171b4825104799bce7024f206806036d26e31cf82ae663c988c7624b0bbcf84c	OK	e2fb5bdda0a881b0636b2c9e83a47b737a87ad5662fa0012890d9980c21b8a84
v049	HAMJOU_comp_0	55aa20930c25f094d974575015fc4e0ef04de5ee830f8f1d8f5a5fa56a6778a1	b24cc1ff294103f82cf46a2e409d4255c2649fa7123f11ae47f3a259865f4d5b	105	113	-	9150bb8845ae2a5d9607cafa9a8cafe83d8d2b806efa9e8ef2f16489320fbb9e	OK	55aa20930c25f094d974575015fc4e0ef04de5ee830f8f1d8f5a5fa56a6778a1
v049	HAMKOV_comp_0	55aa20930c25f094d974575015fc4e0ef04de5ee830f8f1d8f5a5fa56a6778a1	b24cc1ff294103f82cf46a2e409d4255c2649fa7123f11ae47f3a259865f4d5b	105	113	-	9150bb8845ae2a5d9607cafa9a8cafe83d8d2b806efa9e8ef2f16489320fbb9e	OK	55aa20930c25f094d974575015fc4e0ef04de5ee830f8f1d8f5a5fa56a6778a1
v049	HUPFIJ_comp_0	0a163426497bcd35bf72ad259e16038556262085a612f4d336312e23771e9f96	0a163426497bcd35bf72ad259e16038556262085a612f4d336312e23771e9f96	113	113	eta	8441f0227c59a8b7dd643fcab000da6b8a8c563a05a41a468d79ddf683553a28	OK	b744c1ee28eb9a0b04bac052bcbba90e111d67df8b05ea0b34b39f9f3bf4526d
v049	IJOSOP_comp_0	0113dfa6e44b8f364fc6717bf47b296c9cee852612deecbd54a2e95a6b2b6c33	0113dfa6e44b8f364fc6717bf47b296c9cee852612deecbd54a2e95a6b2b6c33	134	134	-	231424e5c6f31b861a7a2957b8843264f7edd72fbe7c8adc62abfea61568c56d	OK	0113dfa6e44b8f364fc6717bf47b296c9cee852612deecbd54a2e95a6b2b6c33
v049	JIMBAJ_comp_0	009b6d246f3b830ecbb6fb8bf753867b71a0ce8970565df3a0a70cd9a607406b	9ac303fd7c56e8f772701a37e24ce02916c771e91f8b22a9910db3522c525439	127	135	-	4f1125c881eaa31fdfaf389eee6bbc1245318c97114585a99a18f765a5742351	OK	009b6d246f3b830ecbb6fb8bf753867b71a0ce8970565df3a0a70cd9a607406b
v049	JIVRIP_comp_0	55aa20930c25f094d974575015fc4e0ef04de5ee830f8f1d8f5a5fa56a6778a1	b24cc1ff294103f82cf46a2e409d4255c2649fa7123f11ae47f3a259865f4d5b	105	113	-	9150bb8845ae2a5d9607cafa9a8cafe83d8d2b806efa9e8ef2f16489320fbb9e	OK	55aa20930c25f094d974575015fc4e0ef04de5ee830f8f1d8f5a5fa56a6778a1
v049	KECJUA_comp_0	dfff258339fc5268ba2bd353652f58a030bde33a441bf28dbbf650da1a02a1fe	2cd2ab3355fed5698e3a57f33272424124230739d997710db0881e80c2989452	136	143	-	7435e92380cda6f318187e9e769df5c9dcae711ff248ad0a2f6faa9347ceac1c	OK	2cd2ab3355fed5698e3a57f33272424124230739d997710db0881e80c2989452
v049	LARQED_comp_0	e650e5afdf5cef788bc9bfbc23fbb14c3e558c106162906f5671fc69a37b18d5	e650e5afdf5cef788bc9bfbc23fbb14c3e558c106162906f5671fc69a37b18d5	139	139	eta	ead33e7820012c361365d6a74e13eb3ecd0df1ad7dcf756231b5ab62f4ba91d4	OK	32850d536fa98e22a5c7c29afd0faa1af010a7c5dcf46e772a4351a1bcb1ee71
v049	LUWLAS_comp_0	ea02613df4a62554ed0c952e88ac72ee7f1a32826354c7fc182994695955153f	ea02613df4a62554ed0c952e88ac72ee7f1a32826354c7fc182994695955153f	86	86	-	de90136f60932edace54101c5d698fe76f16688b878222a58c1dfca406da7f2e	OK	ea02613df4a62554ed0c952e88ac72ee7f1a32826354c7fc182994695955153f
v049	MUJRIS_comp_0	415d8dbbc008681862e517e5fe29dc2ddf30030ac86a0450e7445018b3264ab0	946b3809c17e07e33f9bbf9037dd036692d9e271358f6b6fde7d7828c2f0be44	129	137	-	51bac4fe19736b84285ec7361c7729e5778dfaf49237be46353c7d02f1145fc3	OK	415d8dbbc008681862e517e5fe29dc2ddf30030ac86a0450e7445018b3264ab0
v049	NIYJUA_comp_0	7bbcd45132c1b635fc970ce4183489e022cc07932d3a5b28f957a49647ec31f3	d4a4fff63aca307d9e6c4b2a69b6606cb24e097d121c0b44454f718518d8e6b5	119	127	-	c7f82978b7996957c30e65da63e56246eff14e2131e613d1b53d3e86c95c3df9	OK	7bbcd45132c1b635fc970ce4183489e022cc07932d3a5b28f957a49647ec31f3
v049	OMOBIC_comp_0	fed81cd08881f69f5e0dd2b1f2cc7a457995ff994ffc81965f413086d947d2b5	fed81cd08881f69f5e0dd2b1f2cc7a457995ff994ffc81965f413086d947d2b5	130	130	-	96fdc1f1301984f6d609f031d656c3da7a974d3dd4aa12585a12f4078380d0f7	OK	fed81cd08881f69f5e0dd2b1f2cc7a457995ff994ffc81965f413086d947d2b5
v049	OTIGIJ_comp_0	f855fdc042924d9fcc02ede5667959a1b5ca0f9f30e02463796e5e47fa5f8191	cf670fa22efa75c34f478233b4c74a840a647f66a40d5f7f162a4a13a36a8b75	161	169	-	82a1b9be2a8f823860564b0a41cb5bbd8f06133f97728d82c594d297887cf93a	OK	08626507cfc8a7626013f429fbf018e990a3d4d6d66e2d2ffd1d27e6648f67bf
v049	PODZEO_comp_0	73b1e8086a1588ab0469eaf6078a4ce06598617618201b7c5139adf2a570020b	f154da5ccc0748828a33b4f6f1e0b4a3579d803406b539d630c297d7aca4efbc	126	134	-	696962f2f1fad05a8a795341d4f054b60a0be1553e3370e0a9c1268ea74b78d0	OK	73b1e8086a1588ab0469eaf6078a4ce06598617618201b7c5139adf2a570020b
v049	PUVWEK_comp_0	69b4d1fe4cfe3520e16a7530aea991913e6055d36d36aaa1bc7688356bb4529c	69b4d1fe4cfe3520e16a7530aea991913e6055d36d36aaa1bc7688356bb4529c	98	98	-	8ee61a0828f240c4fc82028eeb0a3d0c88bf042bc167d883e7ebe9fa06bde3e6	OK	69b4d1fe4cfe3520e16a7530aea991913e6055d36d36aaa1bc7688356bb4529c
v049	QAKLET_comp_0	e0a71e549dbef5b16478f360d714bee6f04fba7e087c82d899459f27fb40758a	e0a71e549dbef5b16478f360d714bee6f04fba7e087c82d899459f27fb40758a	115	115	-	6dbe21eced1340c74179997c189883c99581cdda2174cc4a84e83c8fdc52fa0a	OK	306138544a78e6ae201cd53fe70c43703984f7aaccd620fdecd49a0b4c5785c0
v049	REVMEL_comp_0	6598ffaf5f8956922a843ce58cf8cd43be62fb76d053e2750de83391bfe3924f	224edd79aa81d34c7d08363af094b7748ec72ff306e89f92a4df3d20c0a369ab	157	163	-	c70bdd8cff59cc7900f2cbad0a4704a07dfd4346cc9cc63e774bb80f0605f415	OK	6598ffaf5f8956922a843ce58cf8cd43be62fb76d053e2750de83391bfe3924f
v049	SEMPOP_comp_0	55aa20930c25f094d974575015fc4e0ef04de5ee830f8f1d8f5a5fa56a6778a1	b24cc1ff294103f82cf46a2e409d4255c2649fa7123f11ae47f3a259865f4d5b	105	113	-	9150bb8845ae2a5d9607cafa9a8cafe83d8d2b806efa9e8ef2f16489320fbb9e	OK	55aa20930c25f094d974575015fc4e0ef04de5ee830f8f1d8f5a5fa56a6778a1
v049	ULIDIE_comp_0	605ba21cfe33ed2b83d8523a94df79e4d73b94617b686136c518452c8a30125e	605ba21cfe33ed2b83d8523a94df79e4d73b94617b686136c518452c8a30125e	96	96	-	00e81d022cc9fbb449598dbcffcc90e2a1d0b4b36d2de8bbb48df3286e332b58	OK	605ba21cfe33ed2b83d8523a94df79e4d73b94617b686136c518452c8a30125e
v049	YAKGOI_comp_0	ef397b0b5cc1ce1e778222b41ae600374a930710554d8133d90d8e696eae38f3	ef397b0b5cc1ce1e778222b41ae600374a930710554d8133d90d8e696eae38f3	93	93	eta	fb4cb694f89b0ce72cdccac0dff2bc76565b013a7a42a71e054b81d3f9a9d565	OK	8a04e5d6d5ce9819ecdd33be7c5400f9da4eaf4594ee575dbd6f4d9bd7a3af00
#DONE 31
