# golden	name	sha_in	sha_out	len_in	len_out	eta	xyz_sha(observation)	status   -- arm `off`: b520dd9c
v047	DOKROM_comp_0	b7d500c241fb895375ec149b7636d1764492518cd578812008c0d3a7826c949e	b7d500c241fb895375ec149b7636d1764492518cd578812008c0d3a7826c949e	141	141	-	32af7c16d0df1a99462a76b6a773b2e7de40c75bc0937d6d0b83d1566dac73de	OK	810e1092e80245a6ecab2711d65e27f792f40d3c8c423657036a1817639915b6
v047	GIMWAA_comp_0	977ab3125e92c3e0441a87bd6fea0fae2f2443ffcb8c98a6635937567b07044a	977ab3125e92c3e0441a87bd6fea0fae2f2443ffcb8c98a6635937567b07044a	100	100	eta	9faffc9e9b22dd355c5595aceeef4d97a7481aff700f1b1f8cf86a8fdb1ea823	OK	b0aef8cbf47c14fbe52fcdc10b86da19a931349adcc03e966c1918454df9d74f
v047	HAMGAD_comp_0	e00924392a7f13e908a3ab5c913a13d19e7eac978147811413e38ea7a7799777	e00924392a7f13e908a3ab5c913a13d19e7eac978147811413e38ea7a7799777	122	122	-	6a93ba71f38f4a88b933aa517e25d52060eaf687ceca52aea53839181b894baa	OK	b24cc1ff294103f82cf46a2e409d4255c2649fa7123f11ae47f3a259865f4d5b
v047	HAMGEH_comp_0	e00924392a7f13e908a3ab5c913a13d19e7eac978147811413e38ea7a7799777	e00924392a7f13e908a3ab5c913a13d19e7eac978147811413e38ea7a7799777	122	122	-	6a93ba71f38f4a88b933aa517e25d52060eaf687ceca52aea53839181b894baa	OK	b24cc1ff294103f82cf46a2e409d4255c2649fa7123f11ae47f3a259865f4d5b
v047	IJOSOP_comp_0	3120cbbc228ef4a9ee9edf4f68352d56c8b9b7d84a1715e315335c8aa9679a1a	3120cbbc228ef4a9ee9edf4f68352d56c8b9b7d84a1715e315335c8aa9679a1a	134	134	-	1ba019048f1962ad7b2c340da5f13d84209c976b6e5319ad8dfcb1d179fa99a0	OK	0113dfa6e44b8f364fc6717bf47b296c9cee852612deecbd54a2e95a6b2b6c33
v047	KUJGEC_comp_0	f10f44ce4082446485e687964886ff5393c90052b667d568de197d05b26d6779	f10f44ce4082446485e687964886ff5393c90052b667d568de197d05b26d6779	97	97	eta	431b4532f547bca2c05c7b7e4e0e9aa74458fc9868c40a874fe5deac9113b21a	OK	f10f44ce4082446485e687964886ff5393c90052b667d568de197d05b26d6779
v047	LARQED_comp_0	fb21b09ced32ed17e1cc2c6d6801ea6bf7ec7003768caf38dbb11d9b3718a97d	fb21b09ced32ed17e1cc2c6d6801ea6bf7ec7003768caf38dbb11d9b3718a97d	139	139	eta	ead33e7820012c361365d6a74e13eb3ecd0df1ad7dcf756231b5ab62f4ba91d4	OK	32850d536fa98e22a5c7c29afd0faa1af010a7c5dcf46e772a4351a1bcb1ee71
v047	MIQWEO_comp_0	cf5ea7b0bd3fccf287f3fdff436c524bb29e300203f28d979ec5a23fa3f12dd3	cf5ea7b0bd3fccf287f3fdff436c524bb29e300203f28d979ec5a23fa3f12dd3	162	162	eta	987c734877edfbe14e69e43e448511228778fe9bbd0c42144e570d454f8e329c	OK	0e5f30c54ba4becd099bebd09295e806ae6a9dec76b25d0761b15fd20eecd782
v047	OROJUB_comp_0	94ad06720afe0c9d7822a12fa2b75794a67bc34b0818c0583971a5498bcd10af	94ad06720afe0c9d7822a12fa2b75794a67bc34b0818c0583971a5498bcd10af	124	124	-	ca4faca63a0ee58beb2293360205713626bf2d0ed2d6d4beec57209a9cf0c8be	OK	a51aa1f1b8e57589b609e0d5fe1378599d4b8e636b41ab51ad67fc98c8cfbb41
v047	OTIGIJ_comp_0	87294dddac149b027909423b3a69cb96b25d306794cb971d01a84a2afae976a2	87294dddac149b027909423b3a69cb96b25d306794cb971d01a84a2afae976a2	168	168	-	58e1cf5f985f76658e90d831e643a0f7b2e3468745315596218ac287fac23962	OK	c2119c86e82da08140d2414df1cb77f28691aeb71667e950ab5552adfd60fa52
v049	HACYEQ_comp_0	b86c2db698e6b18952c25417baea9e57fcc3c63b60b3ae784cc564be83873d9c	e791153b8bb1db042997d6d63194e311479276686469ecec773b965029578977	129	136	-	2c1dd2b268670c0f45126e764b67fe909f572ffaee2945596836e53a6e516dcc	OK	e2fb5bdda0a881b0636b2c9e83a47b737a87ad5662fa0012890d9980c21b8a84
v049	HAMJOU_comp_0	d93ffa8bcbc1b352c5c9aa338be9531c6216fba1fbbd26caf22b6edb691bbfb2	d93ffa8bcbc1b352c5c9aa338be9531c6216fba1fbbd26caf22b6edb691bbfb2	135	135	-	643e7fb73541eb83be4efa668606d3c5508cf04a2946f1f0b1fd118527890af1	OK	b24cc1ff294103f82cf46a2e409d4255c2649fa7123f11ae47f3a259865f4d5b
v049	HAMKOV_comp_0	40f87ff7b14102761ac964faa3916c6a1154112421e8e25204cb1e5c08116e62	b24cc1ff294103f82cf46a2e409d4255c2649fa7123f11ae47f3a259865f4d5b	105	113	-	a59d3a09cc7bf776e5d3cd7cf2662a6d6fa3cfa6d084330d526ebd103d5ce59d	OK	1932be7d811e95c3479a71460d8ff151e3a7c0cd33bfb292a9e035b87cd1b2ca
v049	HUPFIJ_comp_0	2e805832e5bf5408b536cc74cea5a6be3af15bbd76314ec8d85ca4493b9c6110	2e805832e5bf5408b536cc74cea5a6be3af15bbd76314ec8d85ca4493b9c6110	114	114	eta	43399d378e1334f733750b17eae7f361c2638c4d0ae563d03ea731ad260d086a	OK	f9b7fe83e38ec4f6c272318f7f1a62f7055f0dcef918d056562fc700b59a9acb
v049	IJOSOP_comp_0	3120cbbc228ef4a9ee9edf4f68352d56c8b9b7d84a1715e315335c8aa9679a1a	3120cbbc228ef4a9ee9edf4f68352d56c8b9b7d84a1715e315335c8aa9679a1a	134	134	-	1ba019048f1962ad7b2c340da5f13d84209c976b6e5319ad8dfcb1d179fa99a0	OK	0113dfa6e44b8f364fc6717bf47b296c9cee852612deecbd54a2e95a6b2b6c33
v049	JIMBAJ_comp_0	9b3ece734d15af6361c8832c9f694bb5005874256305db2a8fe9749dff55a457	9ac303fd7c56e8f772701a37e24ce02916c771e91f8b22a9910db3522c525439	127	135	-	46aa724ca37a87d17083c8ef1f0ce84205ef79d43da97c46a5c81021b1da297a	OK	fc05d7a399108625805ae798254d85ecedf83c6e26b38876485ddf464af2b5ea
v049	JIVRIP_comp_0	8a17c796df9d86f12c1757b229329b35618e53b3a953149d3d9e65356d79b88d	8a17c796df9d86f12c1757b229329b35618e53b3a953149d3d9e65356d79b88d	125	125	-	1e6772d39f43611be3a7f267b99deaffc3caceb969236946390ea310ca2ec9ba	OK	5a26921a06f5d1ee75499aa8cb9beed7bb2e32ddd45307ea2987f24ca8b9b31f
v049	KECJUA_comp_0	8f7c6a6e04114a7c2f52e28e75164fa817cf1761311db63e6b7b0be47aca9691	bacda23aeb441797160f7c054afc6c61b6610b702b810987182181855100fd8d	168	177	-	050aabfda3ad11b77f5a058b173e227584e5d19d6fa01a38f54c3dd6f9d11566	OK	2cd2ab3355fed5698e3a57f33272424124230739d997710db0881e80c2989452
v049	LARQED_comp_0	fb21b09ced32ed17e1cc2c6d6801ea6bf7ec7003768caf38dbb11d9b3718a97d	fb21b09ced32ed17e1cc2c6d6801ea6bf7ec7003768caf38dbb11d9b3718a97d	139	139	eta	ead33e7820012c361365d6a74e13eb3ecd0df1ad7dcf756231b5ab62f4ba91d4	OK	32850d536fa98e22a5c7c29afd0faa1af010a7c5dcf46e772a4351a1bcb1ee71
v049	LUWLAS_comp_0	e35ecb9b1da3c9975e383e14046a9898f298762d53ab555437c20ecaae2e53e0	e35ecb9b1da3c9975e383e14046a9898f298762d53ab555437c20ecaae2e53e0	80	80	-	76429c7894f883a4ed190bba2848915e440312d505c44a69b11a21df69c1fbaf	OK	be9f99cbfcacb40bc6aa704e3a450ab7936762b74c278a441fb2442598e5a095
v049	MUJRIS_comp_0	0ea73fbf61936e2383830070fb3bab6dd5f58638e412eaa33a1ef3905cb7f661	946b3809c17e07e33f9bbf9037dd036692d9e271358f6b6fde7d7828c2f0be44	129	137	-	ad383b75cf62283b42cf867b254eb9a355feb31b02c1ca5bc0f5ddf7a7e98e89	OK	30383fad86b669c2ff01f38d3ab3006323ab3c0184317f5fe240359ec9aad99a
v049	NIYJUA_comp_0	c69fab4e2c3275beb25839e64a5313a37a1aa932e96216f6479fd53245791e16	d4a4fff63aca307d9e6c4b2a69b6606cb24e097d121c0b44454f718518d8e6b5	119	127	-	f48c679d5403fbbe39d4acb4b55231c58b0a51721fbf512e6e9ae62b6da85d83	OK	eaca574408e07d0143c2a9e169463948ce213f21959ec32b1364a3c2878d1457
v049	OMOBIC_comp_0	c4b9987ad5d411715bfe89cea6a52d8dc5a08b82e7be33ed4bed3cd44c6b6a12	c4b9987ad5d411715bfe89cea6a52d8dc5a08b82e7be33ed4bed3cd44c6b6a12	134	134	-	3c847bb72951e9b1a64a5a89994f17b179fe788a4d842abbb7e91dc61f6720cd	OK	fed81cd08881f69f5e0dd2b1f2cc7a457995ff994ffc81965f413086d947d2b5
v049	OTIGIJ_comp_0	87294dddac149b027909423b3a69cb96b25d306794cb971d01a84a2afae976a2	87294dddac149b027909423b3a69cb96b25d306794cb971d01a84a2afae976a2	168	168	-	58e1cf5f985f76658e90d831e643a0f7b2e3468745315596218ac287fac23962	OK	c2119c86e82da08140d2414df1cb77f28691aeb71667e950ab5552adfd60fa52
v049	PODZEO_comp_0	87a5ca955babe7e26e2d43d260d5e4f52e19709fea550cc786651893b0ed8bf5	f154da5ccc0748828a33b4f6f1e0b4a3579d803406b539d630c297d7aca4efbc	126	134	-	526e8ce66634754ead870df364dcb17310e32e584c67b88673a5ade74660150e	OK	0ac34624fef8203fb371f6a8ca9808835fc5d1430af6c78df857747604fe67a1
v049	PUVWEK_comp_0	f393fb99a7944b9ff1cc8b2a2ef3cb590bbf5481ceea089ae80e721301d6efbe	f393fb99a7944b9ff1cc8b2a2ef3cb590bbf5481ceea089ae80e721301d6efbe	98	98	-	fc5b8132f9e9a5c6fe54f1ad65e55e5d83ef1c619ba9a9d291d00a49acff8ccd	OK	f393fb99a7944b9ff1cc8b2a2ef3cb590bbf5481ceea089ae80e721301d6efbe
v049	QAKLET_comp_0	306138544a78e6ae201cd53fe70c43703984f7aaccd620fdecd49a0b4c5785c0	306138544a78e6ae201cd53fe70c43703984f7aaccd620fdecd49a0b4c5785c0	117	117	-	b69e496db70958256169995c036b25e0d77176259b29ae70fb1f90f9a71c081f	OK	306138544a78e6ae201cd53fe70c43703984f7aaccd620fdecd49a0b4c5785c0
v049	REVMEL_comp_0	e690b1205f224761fbc0932a5f141621ef5d14e31665d090fcb4884b45a75255	e690b1205f224761fbc0932a5f141621ef5d14e31665d090fcb4884b45a75255	155	155	-	1b0dcfbb8481fa2d9d27cd5cc49a12549d4970f19f15ccae2cd558a0f22f58de	OK	224edd79aa81d34c7d08363af094b7748ec72ff306e89f92a4df3d20c0a369ab
v049	SEMPOP_comp_0	6641c0ca174e726cae3cf2a030ba60e5ee4ea54f3a816027aa790812dedca390	6641c0ca174e726cae3cf2a030ba60e5ee4ea54f3a816027aa790812dedca390	161	161	-	a62026eb57ad5d5cc7f5c0e3bd1efdc7a3026a88a5487fe8a10e188b9c8f1595	OK	b24cc1ff294103f82cf46a2e409d4255c2649fa7123f11ae47f3a259865f4d5b
v049	ULIDIE_comp_0	5b63c11abcdceef8ba1616bc07400c4814eff86f5e0aee779ae476570dc223f6	5b63c11abcdceef8ba1616bc07400c4814eff86f5e0aee779ae476570dc223f6	99	99	-	4b0473dd51e272a58119c6522d4b2a77d78071c74a5be23974d133d084309186	OK	605ba21cfe33ed2b83d8523a94df79e4d73b94617b686136c518452c8a30125e
v049	YAKGOI_comp_0	f2c93df3ede283b4759873ee97a290c9a583edfcc7f7d04c35e2bd6d1ba3b99f	f2c93df3ede283b4759873ee97a290c9a583edfcc7f7d04c35e2bd6d1ba3b99f	88	88	eta	fb4cb694f89b0ce72cdccac0dff2bc76565b013a7a42a71e054b81d3f9a9d565	OK	dfc6e6c9b8e31ee41eac11f1da2c0cea8b74cf970cec1a61f7d6165bee0720ed
#DONE 31
