ABUVUP	228c457cf646bc1cd4c733d916a5c9e4ad3cd73ad99cfd1e41e1c21fc0bd3855	112	-
AGUFEN	c771a21ef9cf6571cbc0b685348fb31de4de8b3e892c1b0edd3adb37e2ff1a54	145	-
AROTAE_comp_0	a049bfb10ad7112e35813dc41fbab6ca7d60dbce99945afea71d2e49d0ac9339	160	-
ASISAX_comp_0	ERROR:ValueError:perception_tmc failed: get_lig_mol failed for ligand fragment #0 (SMILES: '[H]C1C([H])C([H])C2C(C1[H])C1C3NC(C([H])C([H])C4NC5C6NC(C([H])C([H])C7NC3C2C7C([H])(C([H])([H])[H])C([H])([H])[H])C(C([H])(C([H])([H])[H])C([H])([H])[H])C6C2C([H])C([H])C([H])C([H])C2C5C4C([H])(C([H])([H])[H])C([H])([H])[H])C1C([H])(C([H])([H])[H])C([H])([H])[H]'); cannot build TMC mol	-	-
ASUVIV_comp_0	d185ad435c84225ec8de97ddcee3f18b872a1fcb0fd30b83ac2186ad7ecd818e	94	eta
BEGLUU	1e6c290f8b10e19126d3390eb3746db2f0a0a510f986aaa79e2398909334a9c8	73	-
BENVOG_comp_0	f6fecc504014846201cea006534743e00e81161a32b9a553b32a41b1ec436c97	197	-
Cis-PtCl2(en)	5f7f6d88c3cd5629152c0785abc07ea9f620b80d77190762ff2f9fb85d71a729	43	-
CisPlatin	a173c0384f4d297a9e68709009d08ad3b469267ce5546103a31281cc04d9dd48	34	-
CuCN2	08102cd6593b4dcf12e2fcdb47b2d944bdd51ae03b6ee3805283b63b4a580870	22	-
DIXHOK	5baf7a2656dc3c55ba4847ac90138035bd5558d6ed9176151e9aaf42d528b307	83	-
EJUJUP_comp_0	ed9b7043fa07a1c35759c7e95d43dbdf506891ee7d213a9637d3893b757c2534	84	eta
FeCO5	2ab178f97a860a70c24ae2d1ed707a5bd72090015652453d64cad9282dad812c	43	-
FeH2(CO)4	056ee9b8de488c92b8e1d6aabcb02cba187d342a585326ca755a52d6c8bc9143	50	-
Ferrocene-halide-face	26ba0f8a2cfb6e4cf07823e67c540938b62d76cd096a20e569695ceb04a4abbe	82	eta
Ferrocene	23fd7b9bb69bc0477d4611e8f40be1e81c7d43110df8f060c77d6ba8a1e70041	86	eta
HgI3	79da347149280d8543a9b851225edc914fefe80320f2648a5ac85d066708fb89	29	-
IROXET_comp_0	1a225b5e8c402d6a450d5ec6650dec0ca53eb5e555ee1c3de74cf1c0b3dbcd96	74	-
JEGKOW	7eb4b8ff64a6a44e75b78fcfbaf470ce90515b216fbf77ba5bc45471efae8df9	48	-
JOTJEK_comp_0	2ced8b2a4b383784e43f083fbb80cbff2200a5aa742da170d313e7d4aa4ffc60	95	-
KAXVOX_comp_0	fbab2d43662c5efba72ff6b330bc2dcd82607e4cfc877dbac176435cf507c10c	125	-
KAXWAK_comp_0	59e016d355e6e44d2df59c7d150211795ea02f7900a6c63583f73e476195412b	130	-
KICSUM_comp_0	a7664aa4225d93a7e9b2f47e4ee6d1ffc50744b81fa51345c0713a40fc42b604	56	-
KIXXOF_comp_0	00fb1f78178202eb978bdb50ff9bf62725b3c63d7f24bed23d9f711031ed8cf8	170	eta
LEZWAO_comp_0	ERROR:OINEncodeError:molecule is still invalid after de-aromatizing the quinoid ring(s) at atoms [7, 8, 9, 10, 11, 12, 45, 46, 47, 48, 49, 50]; the perceived bond orders are unusable (Explicit valence for atom # 45 C, 5, is greater than permitted)	-	-
MODZUA_comp_0	da7b4550701df482857641fb0e28a2f994b388d6cc531d7726d0dbe18a36d4c6	162	-
NAXDOI	a7650bbe4aa391e9aafea857422ac06e0f4f03620d1ffb6d291b31ddc27ad5df	131	eta
OCUGIC_comp_0	a9c6b5c8585f7307e8771f3ed809b602fb560db0d71090481fa7e7aa3ff04b3a	75	-
OZAREO_comp_0	b050a2f98d972df4ffe3f0ea98b3e1af5a84242b78cd34606ecd1c7f446ca1fd	178	eta
POJJOP	fe7baeae32701defb6df3f9dbdb871639d6594e9270e68e14b1ece1a0a3fbcd1	55	-
PdCl2-R-BINAP	984b016f25e99f53552019c8a0c15bd6c9a388762837dc7d921f6b97edfa21dc	102	-
PdCl2-RR-BDNN	69316e3068bb997a15dffd228581b7eff0d66eca1229e70b238ad391b1091b9a	87	-
PdCl2-RR-BDPP	629f880d2afc1fe7f038ccde41ce49d35b105b64f2f34393c72eeea177b60388	87	-
PdCl2-RR-DPDME	48e691b7a8d13fc4437719704032a09b31d215ad8ed6ec2ec1c97df51da2d0cb	85	-
PdCl2PhenPhosMe	cf36845f7bc03f88a8f1446b0f13e8b8830eb30dcc7795c251df9e0c0e4dfef7	49	-
PtMeNH3ClBr-Cis	775bb3ee47cfeb01dd3fdb639339dcd1da717829a47bbe76afc64e168750f640	38	-
PtMeNH3ClBr-Trans	9bc5f1f26c3d6d7bb774bd9889f9654d7d2e771f5e0789a3891c610380ffab37	38	-
RAWJEG_comp_0	4673377e9e431ce704321aeaadeeb59edf6ce71033382e40fa1fffba7b143f6d	106	-
RIFGUJ_comp_2	1dda0859f644f8975f3c2f168ad1657caab1b03ddf3c8b4aaa1876cce05a6b88	91	-
ROGYAO_comp_0	ea36d0dfc06bc0c9585d53c0d0080934d75d9ff9a5ed6fc4b2e66735034f338a	75	-
ReF7	41a64bc5ad9efebca599c1ccaad672f1fb8f9a11d007b458b4fc7560b8735e11	57	-
Rh-RR-DIPAMP-Cl2	7b7a2964184a4e953171b753ee6c8ec191f856d4dd8d4c8fd9e5bf0efdf0260f	79	-
Rh-RR-DIPAMP-Ph-Cl2	f8f0b01e797890ac2fcef08aad05768cc54476e498b492a5a7350bd6b59adb13	87	-
Rh-Single-Chiral-Phosphine	dac399a94166842726d6e6076da8aa33b3df22a55051c1b99799e76717fd3a6c	62	-
RhF7	5f53161c0ef7a84781dc15d91c8fc1619a183d4594cd2e0daab60c823f877a46	57	-
TULTAX_comp_0	bf3d1fc93bce8ba795e67df3979cfa259590af74cb2712f0412e2595914bef00	98	eta
TiCat1	6e8423c97e1f8cdf923deaf2919896186a90248d9fde5f8db0f16598c3258f86	107	eta
TiCat2	e5a71227ff2788db36c089988e3d906fbea8229418fcd3f95c9298a3310604d0	84	eta
TiCat3	6e675efcf07fc9bf9d9e4ee7c6a706663b1af92560dc980060e4efa575f351cf	107	eta
TiCat4	c8adc3fe5894132c56729be6eef62174a5d6d9a23a6e1f4e4d769c9da4ca8384	107	eta
TiCat5	6015994fa3ebc01c9091cadb9887d3da9c2f5e37a16b4b8c6f17a99296490ea2	107	eta
TiCat6	c8adc3fe5894132c56729be6eef62174a5d6d9a23a6e1f4e4d769c9da4ca8384	107	eta
TiCl4	1ac2c834e56dfdffb6e3509013efe0186e1441253b441453b7c5b24917f6558d	40	-
TiCp2Me2	4fbba2e3d22cd0eacaf98341d9df1aadd76ae669e9c592548e048651eb548835	104	eta
TransPlatin	20795f7dbf39d9583b9ba4e325d3b7e918ed1503f230d90fdc4b0a38dc563719	34	-
ULODUU_comp_0	3651a1319235494a76010de8d32298f8019b3c411f45cb3379756b4738a99701	192	eta
UMENEG_comp_0	18251337178e1efba0e5bbf2419877c36087f07c8934000c936e3ff942cc6be3	90	eta
VEJXOZ_comp_0	555999e87780cfe83e5b1dcca4ef2a44fad680d63593f7a9b5a1f9a089add243	163	eta
VOacac2	95eca8e439cc6ea1f9ddcb35d0da182e2d7d22f92fbaf1de89affcf4d76c43c9	52	-
XIVMEX_comp_0	674bf356c0b21193dc94142ca0725ab9ba8e7cf0239e05e747b49f55039d6423	89	-
YESKOZ	022683955ede4e06728e74e81cfe1d6957daa84b2c6e16c0db311246fbd79832	99	-
ZUMNEC	4301e46fee7c4550e238eed69cdc1eba6f1c14268d6a2c08f4609b1c29a80376	59	-
Zeises_salt	5794691fa49d32c5d04e130a40a84ba73ee6dd8ff457c3e0aab645b66f05b0b7	51	eta
fac-Ir(ppy)3	2dd786c5fd8044661c1f4fd515f411041824496a8ef3484b9c4374fc7608528e	80	-
mer-Ir(ppy)3	912f83d9ab858ba1c9192b3643c27852c638602d2f6873909742153d13024a5d	80	-
ticat3_generated_broken	d287232be48489c890aa60fb3549882cd0036b63ad2eda6f2b0416fb36e07116	176	eta
# molecules=66 fixtures_dir=<checkout:oin-v0419-e2>/tests/fixtures
# MANIFEST_SHA256=d00bf00d18e4c405655bf7ab03a89296e9b5122cdc9ce3464d91295355138bad
#DONE 66
