# golden	name	sha_in	sha_out	len_in	len_out	eta	xyz_sha(observation)	status   -- arm `off`: 6cf9b185
v047	DIDROZ_comp_0	91c183a8454f3c2e40fdd1577ec7d3ba5c1b539fa19f1bf191051419de347d70	91c183a8454f3c2e40fdd1577ec7d3ba5c1b539fa19f1bf191051419de347d70	85	85	-	0bfc67bef52364fb778c5c2af1d5acdf2cb933dae31df40ef3fd7d56be026f78	OK
v047	FOJJUM_comp_0	1acf6bbb2118b6d7b83709cbc9b5739b7e64c428fd91f86adc75b2031c2dee1e	e15665f2e792bb64b0b26a4a88fc0515a773279f7fd7c7d8592dcb22ad05fdb7	191	191	-	68166209b079e9d181cfb53b2d2427cd7b13a178da83e92f7ff70399f91daf2f	OK
v047	GAMFOS_comp_0	5f0ac84888e419b95f668dddf1cd42eedeed5eb89cebf6f0e08a38cbba5950e2	5f0ac84888e419b95f668dddf1cd42eedeed5eb89cebf6f0e08a38cbba5950e2	106	106	-	709b54b454a58957cb39b54960da2aca86d7d5f5406a3edfefbadb18c77a83f8	OK
v047	IXUTAW_comp_0	5b40cb228d51ecbe38f8bd4562d98847926d8e343bc5d084824a74373b2337e7	5b40cb228d51ecbe38f8bd4562d98847926d8e343bc5d084824a74373b2337e7	110	110	eta	a8b461d2cced0cd0721fb109efe7691f3891311310ebd0e1f2d3b2cf97160af5	OK
v047	JUXPID_comp_0	e7cc0c0ff0dc6db4eae44ee6d5934e0556196cd2795d9a16768c2770194e6e30	be1b2a15efaa63ef6504407d0c96bb61375776d7fb4b9ff79de988ee4d7a3420	106	106	eta	68dd3289b1d2f266ee78cf4d817bee2c247dc6440b569b0546af3dfe7184476a	OK
v047	KELQOI_comp_0	8ea9e60b711d5bf2c82cfe285feab7a95a99d4f9ecfd0a10d5658f2e552656fa	8ea9e60b711d5bf2c82cfe285feab7a95a99d4f9ecfd0a10d5658f2e552656fa	153	153	-	ced0c2bb8585bc7c171f547347036b724c7e3aa744c77e64de49b8377e47b593	OK
v049	DEVFUG_comp_0	3c31f5bcec61a5a59eba8ec46036ba7fd75de3efe46cf541599f91a3125d8205	6e6f5c42410e5eeb27fa7cf9a4a776ce54b8c7c855e88525e9bf3fc1f21faf58	115	115	-	b20701dd3ab5feb978f1e8afd941b3b630a8c16d7157c488803eb81232dea318	OK
v049	ECIGAZ_comp_0	d9f811996289eb3d7006bc519219687f4293210cba18c97c50735022e0fb77e5	d9f811996289eb3d7006bc519219687f4293210cba18c97c50735022e0fb77e5	96	96	-	48d13d720506cc2a645112b3a11125b16d2dda601b2b62f2c1d3fc2ef5d5cce2	OK
v049	EQEROI_comp_0	HARD_TIMEOUT@450s	HARD_TIMEOUT@450s	-	-	-		ERROR:HardTimeout:SIGKILL after 450s
v049	FOJJUM_comp_0	1acf6bbb2118b6d7b83709cbc9b5739b7e64c428fd91f86adc75b2031c2dee1e	e15665f2e792bb64b0b26a4a88fc0515a773279f7fd7c7d8592dcb22ad05fdb7	191	191	-	68166209b079e9d181cfb53b2d2427cd7b13a178da83e92f7ff70399f91daf2f	OK
v049	FOSNEI_comp_0	0a46537428ad661cd528f95b7885451a4774bc2b8cd8cc71ab8bb096d73124ce	8e6a09b3baea837bb2c5d1693682df7b84a9f4b273a197d07c9c80059c28c024	103	97	-	797f8a0c3fc6ab4035fc7c7c32ea4987806b917f9809b1b477db1f7f7f5d6f8f	OK
v049	FUQZAT_comp_0	d1295747b1cb9adc042f7ad40833bdf00139683045ce5f59986616c85f5c9b6b	810c7d9323850cf685332a6500b30d6a47058a87f08f7cc5383f253586a9057d	79	79	eta	509b12245fb5e8cb778158ea6e409c5cf1a5d483a386040faf4bfff05eff0b23	OK
v049	GIFXOJ_comp_0	5559b8c0cb158768a29006028ff414981d3ee1bf1f63aaae270b61124248ff40	5559b8c0cb158768a29006028ff414981d3ee1bf1f63aaae270b61124248ff40	149	149	eta	2b011e714a9275ad9babe27b99424640094592c26144378961a85ff7932ab0ca	OK
v049	GIMKIY_comp_1	ce178697c074a2e6073a725b7dedfa23f3f06b2e774108676e2b156f92e09e1d	de5744e798f22d91dbb8d490397e388f43d4b6d6ebe7f75bcf4de39a6c7cb799	119	119	-	3f8d6d6297384f227115a1ba48ec962d6ceb5f59f7cb9317503d674ab81eb130	OK
v049	HACYEQ_comp_0	b86c2db698e6b18952c25417baea9e57fcc3c63b60b3ae784cc564be83873d9c	521074aa1d27565e55e415b985348cf343420a40b672220a6ab44f0d4614569e	129	136	-	2c1dd2b268670c0f45126e764b67fe909f572ffaee2945596836e53a6e516dcc	OK
v049	HEKFEL_comp_0	5337a379eced6b07701584385257264f4f0875352725cc041c97fbdb5be48568	f97d4ce72c0dceb4ed8f428f74bd400bd8bb3b01de8509cc4401c2049122f08c	75	75	-	adc2f4c0e13a12e817459954482922eba30fa166af75d641b374f40b620dd443	OK
v049	HIKCAI_comp_0	bbc4db7c90c375b0599596dd3fd1d07b293bb4a31f73dfcf1374cd20df153dd5	149c76070f693a4c3298c71e873775dddb5ae983295d7d8280d4cc9c469792cd	118	118	-	62fbe16b429d8b9d4b55f3a35d3ff0df27034b9c268b0f3f7907b6091b5a7c4f	OK
v049	HIKCIQ_comp_0	bbc4db7c90c375b0599596dd3fd1d07b293bb4a31f73dfcf1374cd20df153dd5	149c76070f693a4c3298c71e873775dddb5ae983295d7d8280d4cc9c469792cd	118	118	-	62fbe16b429d8b9d4b55f3a35d3ff0df27034b9c268b0f3f7907b6091b5a7c4f	OK
v049	HIMFAM_comp_0	e095a203b7c4ba131864872421bca828683124f7c21b433d0784eb1c03cf770e		241	-	eta		ERROR:ValueError:MetalloGen failed to generate any conformers via OIN-direct assembly (geometry 'SQA'); OIN='[Co_SQA].C[C@]12CC[C@@H]3C4[CH][CH]C(O)[CH]C4CC[C@H]3[C@@H]1CC[C@@]2(O)[CH][CH]CS(B{0}123[BH]{1}45[CH]{3>}[CH]{3}[BH]{2}16[BH]17[BH]8[BH]49[BH]184[BH]259[BH]3674)B{4}123[BH]{5}45[CH]{6>}[CH]{6}[BH]{7}16[BH]17[BH]8[BH]49[BH]184[BH]259[BH]3674', pool=16, timeout=300.0s
v049	IGAWOF_comp_0	eb426ba7ff96fa4b70b1fa06bf1c8310c825ce2ac1b9be973162a85268ebe7da	2e0a5820e7e043413d4acf073e03167c28a22ba507e18219f31f9b3bf429e23f	99	99	-	0b86e83428e5461d5a2cdac216ba6176ed2414fece09a3304c2a80951a819dd0	OK
v049	IMEPAS_comp_0	1b147439ccfab38056988f83bb49eea7760421a1aac3effef5e710c54eb8f738	1b147439ccfab38056988f83bb49eea7760421a1aac3effef5e710c54eb8f738	85	85	eta	d233abc88150d4308bb125979bbc59b7b77bcfb8570a76efc6afea232b7797b1	OK
v049	IRUCUU_comp_0	b2f4565240483d21174fa47b2eb51cbf45470c28e57a2a9ec81c0a7d3ff2e8c8	45a1c04224b6bbf41985cc7f62bd142fa7bbd6591736c3b8f396425986e43e76	70	70	-	5504449f6a8004aea71117baaccbaf2f83c8bd9817724e6ebfcae768b053b8e7	OK
v049	JUXPID_comp_0	e7cc0c0ff0dc6db4eae44ee6d5934e0556196cd2795d9a16768c2770194e6e30	be1b2a15efaa63ef6504407d0c96bb61375776d7fb4b9ff79de988ee4d7a3420	106	106	eta	68dd3289b1d2f266ee78cf4d817bee2c247dc6440b569b0546af3dfe7184476a	OK
v049	KEHNOA_comp_0	2070e3b69520d55ab8c2f4f4162fb15a733e10d79962e3b0f73537b848b709ff	c6d9701c516cfde70b3bfbb77c3e1ebbe6ea51af45016187a5a2b5251578df98	89	89	-	94bcc622ee2afb6209357aaff3721b2635855f127a41ec9869bbe08253c4a088	OK
v049	KIHHUG_comp_0	fe1b964710ce14f257891106d86f669003e5dbd91e6bb4dd299be05c49723c74	5d89b34d4699566ef352450f336dc8cd514a3dd5412d9949a3ab030c7ec2395b	93	89	eta	087a8be04f74e0b3c2fb92ced2289b1766628d5fb20a08572b5a29b67d3b699b	OK
v049	KUPVEX_comp_0	f95b74080b0e11fc8f6558f4c4931e40d7d2fb749539b1c633e77e899562a77e	f95b74080b0e11fc8f6558f4c4931e40d7d2fb749539b1c633e77e899562a77e	105	105	-	400814e59c21fb9a578c74bbb2e007fb4861b512c5db9a62e6e5ba8f43d69ef7	OK
v049	LIRBUK_comp_0	296f9cdc527744b7ed953b050dea0dee1d5db67234d3290b8c67a153a38a2b24	296f9cdc527744b7ed953b050dea0dee1d5db67234d3290b8c67a153a38a2b24	106	106	-	7b6166f29919316af6ce1315ee642e16d21b38c9c830a4afab41fce18191a4cf	OK
v049	MEXWUH_comp_0	d431ee27f6647b32bfbc5260dd701f2365344996231f038400ed6b568f4294fd	d431ee27f6647b32bfbc5260dd701f2365344996231f038400ed6b568f4294fd	110	110	-	96b1c4bf6c81654011f919c7748fc596723a0a3d2beaa61b857f20ec75b30ad6	OK
v049	MUKGUW_comp_0	HARD_TIMEOUT@450s	HARD_TIMEOUT@450s	-	-	-		ERROR:HardTimeout:SIGKILL after 450s
v049	NEGVOL_comp_0	7dbac26ff2810b899546bd38c2a0e34f8c96e8355df86c5fc0850ab468b469c9		171	-	-		ERROR:ValueError:MetalloGen failed to generate any conformers via OIN-direct assembly (geometry 'SPL'); OIN='[Ni_SPL].C(=CP{0}(c1ccccc1)c1ccccc1)P{1}(c1ccccc1)c1ccccc1.C1C[C@@]23[BH]{3}45[BH]267[BH]28[BH]9%10%11[BH]{2}%12([C@]39C1)[BH]413[BH]564[BH]725[BH]8%102[BH]%11%121[BH]3452', pool=5, timeout=300.0s
v049	OMOBIC_comp_0	c4b9987ad5d411715bfe89cea6a52d8dc5a08b82e7be33ed4bed3cd44c6b6a12	dfeefd0f2d3f79fb2ef9d79464af1cdd54e35f8fe1648f54d21c4807dde17b00	134	134	-	3c847bb72951e9b1a64a5a89994f17b179fe788a4d842abbb7e91dc61f6720cd	OK
v049	PAKWAB_comp_0	f8050eac2508285dc328ee60ae3a0da24e77078a0f4b6e8486ff80c773367802	f8050eac2508285dc328ee60ae3a0da24e77078a0f4b6e8486ff80c773367802	128	128	eta	c1762d73f2e406d92199cf22ad923940a3b0bc83612fb671c418289a7de3f0d4	OK
v049	PODZEO_comp_0	b37879390fed8a22f35836962e6485b0ba453a6a9a805f45638630526e89df0b	3aff1118b5e511de69d145fa7f551e028272bca382e9a93808542b1d1a397d26	126	134	-	d2c49d3fb3779434de1b91e8e6a874b2083af408a3b195df19e1b27144644e43	OK
v049	QIDHEQ_comp_0	57d874e6de3b528dbcc450b9904d067337924be921f9714377aafe6f3780efed		185	-	eta		ERROR:ValueError:MetalloGen failed to generate any conformers via OIN-direct assembly (geometry 'SPL'); OIN='[Rh_SPL].[CH]{0}1=[CH]{0>}CC[CH]{1>}=[CH]{1}CC1.[CH]1[CH][CH]C(S{3}[C@]23[BH]{2}45[BH2]67[BH]89[C@@]2(C2[CH][CH][CH][CH][CH]2)[BH]82%10[BH]8[BH]34%11[BH]563[BH]792[BH]%108%113)[CH][CH]1', pool=16, timeout=300.0s
v049	RIXVAX_comp_0	0c1d1d9840b21f528c1b9da9e5f9dd11822876357efd930de7b6abe648d77a22	283ac188df943baaa9192722734eb5fee784885c2972f6c85b91c12a7238e13d	137	137	eta	853a53126b6fd035e3318059d2e6543100db6fdd7f7bd87dccb9becc4cec7ca8	OK
v049	RUSKOG_comp_0	034c624dcb0ffd3395c20ef72b0ab973b01ca4138a8edfe81cacdd368c3820d6	034c624dcb0ffd3395c20ef72b0ab973b01ca4138a8edfe81cacdd368c3820d6	96	96	-	cf73dcc082633982062bfb589d2f9c655e735696548f69d3ef410f061144cb09	OK
v049	SUDQEP_comp_0	1aacae3fb9d1e87c6e45d13221c47878a82f9c70476163a63264f2c3721af431	5aeed59ab4e7c1be50babe2b00bf6ad7b90b4d4e44c96741a3cd8a95d624eaef	97	97	-	5415d0dc8507cc55a11b7efac5ec4cb83c147c7882c7e94ab45b0d0f675a23fc	OK
v049	TIFHAR_comp_0	f8389c0caa052372c2fe4dee82d254f4429ff8c47504bf7963bcd8d7c96be208	372661e8291938d09823acfe7ff76f4c946eb037a68b33abcf8912964ef08292	171	171	eta	fca8b6f63f0aba9ee8e6255ca49d01b74b7771b0e3c8c019b5e46a1aa6be947d	OK
v049	TOGKOR_comp_0	3adccd634f596f3b5f3efb0fad863a09a5238baceed2f21fe81377b9e1374160	3adccd634f596f3b5f3efb0fad863a09a5238baceed2f21fe81377b9e1374160	135	135	eta	df70560017e692f5e586ccc8c9786c4e05bee464b661f52ebbb5b257e865b8f1	OK
v049	TORHUD_comp_0	51b8ed93be9f3088dddb04b5fcf30b60c2c1728297051ee976a00b7ade0210a1	1b3bffddf4d3aeb38e7c3d8e4482e311cadb29d2ad824c0cd3930e12e4984fd0	95	95	eta	cf1bd867520c4dedcc353e7f2b4a85af1db5539e36ace7083be1ffb3a32ad655	OK
v049	ULIDIE_comp_0	5b63c11abcdceef8ba1616bc07400c4814eff86f5e0aee779ae476570dc223f6	d52f4e23b26776183824146158d080fea221b25bb11aab1ea435440e0ce3492c	99	99	-	4b0473dd51e272a58119c6522d4b2a77d78071c74a5be23974d133d084309186	OK
v049	ULORAQ_comp_0	950408320c49164355abd1c20aca918756ee7b411ba5d3bff7cfe84a1ed4a76f	7bd2bb93fcaa701435bc02b7887d5c9d24b67a7144f4fc854d2412ba1d4569db	99	99	eta	5ea1c2754d0ed63e374935d3c14239222b635a2720e442094acbeb6854bc361a	OK
v049	UNEGEB_comp_0	40842d4f0798c454328545704f4943e21bae923b92efb99d3d9bdf6bad90190d	40842d4f0798c454328545704f4943e21bae923b92efb99d3d9bdf6bad90190d	100	100	-	d80864fc53f1592c788a96318686043844fc70e18163f31a19b073f9067014ee	OK
v049	UWULEE_comp_0	18aa41e64ff63fd90b8ad0c49248cae56048c9f8157d6f4777aeb41a1f494edd	18aa41e64ff63fd90b8ad0c49248cae56048c9f8157d6f4777aeb41a1f494edd	122	122	-	e23132e60849fb5d95491fbdea677692ed50374d5d9846c4388fd40508951619	OK
v049	VEQFUT_comp_0	cf6ced0c4ee946d1f9430a81e9fea8c8dcbc7a02701bd9ec1b573bd44904f960	cf6ced0c4ee946d1f9430a81e9fea8c8dcbc7a02701bd9ec1b573bd44904f960	246	246	-	0d4fae94e7e6b2aef9d942ebe6524f551e9408e0a00bd212f1fc0ceaa5e7a88d	OK
v049	WAQXAP_comp_0	cf4f3a25320eecf0064524ca668799596c00429a5cff3430d74166803772802e	cf4f3a25320eecf0064524ca668799596c00429a5cff3430d74166803772802e	97	97	-	946d42a7a0657234b6267f1914c156983c8da2e30db8872dc66a42f2956bd63d	OK
v049	WUWNOT_comp_0	6d5ab6fe49eee7ff7ca43773502dffe76d64ad4aba2e3d1fb1b7828ac0f3593f	6990cb8a4a5ffee8759b01ddf88cc5c9c4323baa631a41f89eadcc84f3e8604c	88	88	eta	fe84590b1db7155c4fa3e26896776cc97cae9c54c7f8641ca245155b3c8ebc40	OK
v049	XENZAS_comp_0	cac0f3f093585ef14a45eded598b9ef2c76dd9809f5388b4c65b36f859fd9ba3	cac0f3f093585ef14a45eded598b9ef2c76dd9809f5388b4c65b36f859fd9ba3	115	115	eta	33162c696f6ae659147e0d97740b6a21bbe29eab6fdb74f23dca65d378f9b3f7	OK
v049	XEXMIZ_comp_1	4066e3f0559dbb24767dabdd6bd6d79036fe07a78a20c97503a4fc8b3b5b4796	1593d7069399589ce2c291517d92958fe6f2d634ba77a91a4158cb8f8b2b13c4	124	124	-	9ad35a4eb4f7e0765086bb8545894c1f1069fa7c354d9644331a995b9b0c48bc	OK
v049	XUWLEH_comp_0	b32d94476cfbeb07989ec9cd4cfd3349f7f3f297ab975e0efc1479eab3e7e6bb	b699a9fdd1e063de8bd6b36f3d104adbcad03bb554eb8f8c1cc735c68ee9ce76	84	84	-	57b43b33b8d133245e8d51c99905390733b22717dfa672c0f5e24db5c9df40de	OK
v049	ZELKUY_comp_0	3c4afaafb85dd8af8140fd4cb78b43184b523d887f8235adb00b3b0d9b2fcd9b	d812957ea96a9cbe6d458bc72c62e2b7235585b28c72809308cba35ecb317d6b	117	117	eta	11717b7cf5dbd41fec9d33422a3c76b42552a8e7f840a34dab794b27570ecc99	OK
v049	ZOYYUJ_comp_0	73e30efe6b7dbc1f31498950ebef86b0a7228d5065ebfac770da00d1a5b2bccf	d2366fbe368392fbd8865ec8a3a353a2e0e1a8682ac61aa098a9be2c8238a66b	86	83	-	af6322eb03a714a8f79f04ef5798f69c120710d051f6d1381a34afa009d9dd28	OK
v049	ZUGBUA_comp_0	4febefdb5ceff3c05bd5655b7be7d8dd5a0f2754ecde91d8815628c134b70b6d	4febefdb5ceff3c05bd5655b7be7d8dd5a0f2754ecde91d8815628c134b70b6d	117	117	eta	2bb4a92a3bb70d88d70d0546798ccfcfdaaefa5ab285541310455f8887e921af	OK
#DONE 53
