# golden	molecule	reason	first_moved_field	old_sha_in	old_sha_out	leveroff_sha_in	leveroff_sha_out	new_sha_in	new_sha_out	new_len_in	new_len_out	eta   (new_* = fields 2-6 of the re-frozen row; fields 7+ of the golden are preserved)
v047	DIDROZ_comp_0	LEVER	2	91c183a8454f3c2e40fdd1577ec7d3ba5c1b539fa19f1bf191051419de347d70	91c183a8454f3c2e40fdd1577ec7d3ba5c1b539fa19f1bf191051419de347d70	91c183a8454f3c2e40fdd1577ec7d3ba5c1b539fa19f1bf191051419de347d70	91c183a8454f3c2e40fdd1577ec7d3ba5c1b539fa19f1bf191051419de347d70	a1f4abdbb54b8983014e3c3024aac87930e276bbc7da2d8496db2a46ef853832	a1f4abdbb54b8983014e3c3024aac87930e276bbc7da2d8496db2a46ef853832	85	85	-
v047	FOJJUM_comp_0	LEVER	2	1acf6bbb2118b6d7b83709cbc9b5739b7e64c428fd91f86adc75b2031c2dee1e	e15665f2e792bb64b0b26a4a88fc0515a773279f7fd7c7d8592dcb22ad05fdb7	1acf6bbb2118b6d7b83709cbc9b5739b7e64c428fd91f86adc75b2031c2dee1e	e15665f2e792bb64b0b26a4a88fc0515a773279f7fd7c7d8592dcb22ad05fdb7	e15665f2e792bb64b0b26a4a88fc0515a773279f7fd7c7d8592dcb22ad05fdb7	e15665f2e792bb64b0b26a4a88fc0515a773279f7fd7c7d8592dcb22ad05fdb7	191	191	-
v047	GAMFOS_comp_0	LEVER	2	5f0ac84888e419b95f668dddf1cd42eedeed5eb89cebf6f0e08a38cbba5950e2	5f0ac84888e419b95f668dddf1cd42eedeed5eb89cebf6f0e08a38cbba5950e2	5f0ac84888e419b95f668dddf1cd42eedeed5eb89cebf6f0e08a38cbba5950e2	5f0ac84888e419b95f668dddf1cd42eedeed5eb89cebf6f0e08a38cbba5950e2	80c07496e764975ea76b4415cbe7d7cd7cdaec229add1737e28e7316071cfdb0	80c07496e764975ea76b4415cbe7d7cd7cdaec229add1737e28e7316071cfdb0	106	106	-
v047	IXUTAW_comp_0	LEVER	2	5b40cb228d51ecbe38f8bd4562d98847926d8e343bc5d084824a74373b2337e7	5b40cb228d51ecbe38f8bd4562d98847926d8e343bc5d084824a74373b2337e7	5b40cb228d51ecbe38f8bd4562d98847926d8e343bc5d084824a74373b2337e7	5b40cb228d51ecbe38f8bd4562d98847926d8e343bc5d084824a74373b2337e7	e1dd0192a71de96ff3b88683ac00e3af1ffdfb81fafdc27a7787a48cab221886	e1dd0192a71de96ff3b88683ac00e3af1ffdfb81fafdc27a7787a48cab221886	110	110	eta
v047	JUXPID_comp_0	STALE+LEVER	2	a64c65365126e50307b8fc34ae8c831c40edd386e959fe8230775e44d562fc4d	a64c65365126e50307b8fc34ae8c831c40edd386e959fe8230775e44d562fc4d	e7cc0c0ff0dc6db4eae44ee6d5934e0556196cd2795d9a16768c2770194e6e30	be1b2a15efaa63ef6504407d0c96bb61375776d7fb4b9ff79de988ee4d7a3420	0ddaaf2261fcaac9f9b02df3ef6b4bc427564af34e85a89d90eea257159bca85	0ddaaf2261fcaac9f9b02df3ef6b4bc427564af34e85a89d90eea257159bca85	106	106	eta
v047	KELQOI_comp_0	STALE	2	23db0cae8d11d868f14f7b1e8314a5545171090e5be0f3e037de325df10b7aa1	23db0cae8d11d868f14f7b1e8314a5545171090e5be0f3e037de325df10b7aa1	8ea9e60b711d5bf2c82cfe285feab7a95a99d4f9ecfd0a10d5658f2e552656fa	8ea9e60b711d5bf2c82cfe285feab7a95a99d4f9ecfd0a10d5658f2e552656fa	8ea9e60b711d5bf2c82cfe285feab7a95a99d4f9ecfd0a10d5658f2e552656fa	8ea9e60b711d5bf2c82cfe285feab7a95a99d4f9ecfd0a10d5658f2e552656fa	153	153	-
v049	DEVFUG_comp_0	LEVER	2	3c31f5bcec61a5a59eba8ec46036ba7fd75de3efe46cf541599f91a3125d8205	6e6f5c42410e5eeb27fa7cf9a4a776ce54b8c7c855e88525e9bf3fc1f21faf58	3c31f5bcec61a5a59eba8ec46036ba7fd75de3efe46cf541599f91a3125d8205	6e6f5c42410e5eeb27fa7cf9a4a776ce54b8c7c855e88525e9bf3fc1f21faf58	6e6f5c42410e5eeb27fa7cf9a4a776ce54b8c7c855e88525e9bf3fc1f21faf58	6e6f5c42410e5eeb27fa7cf9a4a776ce54b8c7c855e88525e9bf3fc1f21faf58	115	115	-
v049	ECIGAZ_comp_0	LEVER	2	d9f811996289eb3d7006bc519219687f4293210cba18c97c50735022e0fb77e5	NO_STRUCTURE@300s	d9f811996289eb3d7006bc519219687f4293210cba18c97c50735022e0fb77e5	d9f811996289eb3d7006bc519219687f4293210cba18c97c50735022e0fb77e5	86d9e851884bcaed14702584fb5afa86593a97aa6944eb123354e6872db1807e	NO_STRUCTURE@300s	96	-	-
v049	FOJJUM_comp_0	LEVER	2	1acf6bbb2118b6d7b83709cbc9b5739b7e64c428fd91f86adc75b2031c2dee1e	e15665f2e792bb64b0b26a4a88fc0515a773279f7fd7c7d8592dcb22ad05fdb7	1acf6bbb2118b6d7b83709cbc9b5739b7e64c428fd91f86adc75b2031c2dee1e	e15665f2e792bb64b0b26a4a88fc0515a773279f7fd7c7d8592dcb22ad05fdb7	e15665f2e792bb64b0b26a4a88fc0515a773279f7fd7c7d8592dcb22ad05fdb7	e15665f2e792bb64b0b26a4a88fc0515a773279f7fd7c7d8592dcb22ad05fdb7	191	191	-
v049	FOSNEI_comp_0	LEVER	3	0a46537428ad661cd528f95b7885451a4774bc2b8cd8cc71ab8bb096d73124ce	8e6a09b3baea837bb2c5d1693682df7b84a9f4b273a197d07c9c80059c28c024	0a46537428ad661cd528f95b7885451a4774bc2b8cd8cc71ab8bb096d73124ce	8e6a09b3baea837bb2c5d1693682df7b84a9f4b273a197d07c9c80059c28c024	0a46537428ad661cd528f95b7885451a4774bc2b8cd8cc71ab8bb096d73124ce	ab102c6b82d334181a9b7ba8c902f2e7485f785a0c26f6ae5f85cb54db32007e	103	97	-
v049	FUQZAT_comp_0	LEVER	2	d1295747b1cb9adc042f7ad40833bdf00139683045ce5f59986616c85f5c9b6b	810c7d9323850cf685332a6500b30d6a47058a87f08f7cc5383f253586a9057d	d1295747b1cb9adc042f7ad40833bdf00139683045ce5f59986616c85f5c9b6b	810c7d9323850cf685332a6500b30d6a47058a87f08f7cc5383f253586a9057d	810c7d9323850cf685332a6500b30d6a47058a87f08f7cc5383f253586a9057d	810c7d9323850cf685332a6500b30d6a47058a87f08f7cc5383f253586a9057d	79	79	eta
v049	GIFXOJ_comp_0	LEVER	2	5559b8c0cb158768a29006028ff414981d3ee1bf1f63aaae270b61124248ff40	5559b8c0cb158768a29006028ff414981d3ee1bf1f63aaae270b61124248ff40	5559b8c0cb158768a29006028ff414981d3ee1bf1f63aaae270b61124248ff40	5559b8c0cb158768a29006028ff414981d3ee1bf1f63aaae270b61124248ff40	1a8e9cf6ff55cbc12203c863c86d9fbee471355a57def0636452e057b5ec792c	1a8e9cf6ff55cbc12203c863c86d9fbee471355a57def0636452e057b5ec792c	149	149	eta
v049	GIMKIY_comp_1	LEVER	2	ce178697c074a2e6073a725b7dedfa23f3f06b2e774108676e2b156f92e09e1d	de5744e798f22d91dbb8d490397e388f43d4b6d6ebe7f75bcf4de39a6c7cb799	ce178697c074a2e6073a725b7dedfa23f3f06b2e774108676e2b156f92e09e1d	de5744e798f22d91dbb8d490397e388f43d4b6d6ebe7f75bcf4de39a6c7cb799	de5744e798f22d91dbb8d490397e388f43d4b6d6ebe7f75bcf4de39a6c7cb799	de5744e798f22d91dbb8d490397e388f43d4b6d6ebe7f75bcf4de39a6c7cb799	119	119	-
v049	HACYEQ_comp_0	LEVER	3	b86c2db698e6b18952c25417baea9e57fcc3c63b60b3ae784cc564be83873d9c	521074aa1d27565e55e415b985348cf343420a40b672220a6ab44f0d4614569e	b86c2db698e6b18952c25417baea9e57fcc3c63b60b3ae784cc564be83873d9c	521074aa1d27565e55e415b985348cf343420a40b672220a6ab44f0d4614569e	b86c2db698e6b18952c25417baea9e57fcc3c63b60b3ae784cc564be83873d9c	e791153b8bb1db042997d6d63194e311479276686469ecec773b965029578977	129	136	-
v049	HEKFEL_comp_0	LEVER	2	5337a379eced6b07701584385257264f4f0875352725cc041c97fbdb5be48568	f97d4ce72c0dceb4ed8f428f74bd400bd8bb3b01de8509cc4401c2049122f08c	5337a379eced6b07701584385257264f4f0875352725cc041c97fbdb5be48568	f97d4ce72c0dceb4ed8f428f74bd400bd8bb3b01de8509cc4401c2049122f08c	f76978ccc1ccc42760203bb0d6cc304b5df944657f08e4e0de1b4f3fb88c7ff7	f76978ccc1ccc42760203bb0d6cc304b5df944657f08e4e0de1b4f3fb88c7ff7	75	75	-
v049	HIKCAI_comp_0	STALE+LEVER	2	149c76070f693a4c3298c71e873775dddb5ae983295d7d8280d4cc9c469792cd	149c76070f693a4c3298c71e873775dddb5ae983295d7d8280d4cc9c469792cd	bbc4db7c90c375b0599596dd3fd1d07b293bb4a31f73dfcf1374cd20df153dd5	149c76070f693a4c3298c71e873775dddb5ae983295d7d8280d4cc9c469792cd	bbc4db7c90c375b0599596dd3fd1d07b293bb4a31f73dfcf1374cd20df153dd5	bbc4db7c90c375b0599596dd3fd1d07b293bb4a31f73dfcf1374cd20df153dd5	118	118	-
v049	HIKCIQ_comp_0	STALE+LEVER	2	149c76070f693a4c3298c71e873775dddb5ae983295d7d8280d4cc9c469792cd	149c76070f693a4c3298c71e873775dddb5ae983295d7d8280d4cc9c469792cd	bbc4db7c90c375b0599596dd3fd1d07b293bb4a31f73dfcf1374cd20df153dd5	149c76070f693a4c3298c71e873775dddb5ae983295d7d8280d4cc9c469792cd	bbc4db7c90c375b0599596dd3fd1d07b293bb4a31f73dfcf1374cd20df153dd5	bbc4db7c90c375b0599596dd3fd1d07b293bb4a31f73dfcf1374cd20df153dd5	118	118	-
v049	HIMFAM_comp_0	STALE	2	53c2d0d8260d413c5fc26dc612b63ab90792950b4c14b5a22865c2b670c1a7a7	NO_STRUCTURE@300s	e095a203b7c4ba131864872421bca828683124f7c21b433d0784eb1c03cf770e		e095a203b7c4ba131864872421bca828683124f7c21b433d0784eb1c03cf770e	NO_STRUCTURE@300s	241	-	eta
v049	IGAWOF_comp_0	LEVER	3	eb426ba7ff96fa4b70b1fa06bf1c8310c825ce2ac1b9be973162a85268ebe7da	2e0a5820e7e043413d4acf073e03167c28a22ba507e18219f31f9b3bf429e23f	eb426ba7ff96fa4b70b1fa06bf1c8310c825ce2ac1b9be973162a85268ebe7da	2e0a5820e7e043413d4acf073e03167c28a22ba507e18219f31f9b3bf429e23f	eb426ba7ff96fa4b70b1fa06bf1c8310c825ce2ac1b9be973162a85268ebe7da	eb426ba7ff96fa4b70b1fa06bf1c8310c825ce2ac1b9be973162a85268ebe7da	99	99	-
v049	IMEPAS_comp_0	STALE	2	c13c3282ac63bdb764c1dd9e529419b5647c06fd7a1761d6edad1bd206f802c7	c13c3282ac63bdb764c1dd9e529419b5647c06fd7a1761d6edad1bd206f802c7	1b147439ccfab38056988f83bb49eea7760421a1aac3effef5e710c54eb8f738	1b147439ccfab38056988f83bb49eea7760421a1aac3effef5e710c54eb8f738	1b147439ccfab38056988f83bb49eea7760421a1aac3effef5e710c54eb8f738	1b147439ccfab38056988f83bb49eea7760421a1aac3effef5e710c54eb8f738	85	85	eta
v049	IRUCUU_comp_0	LEVER	3	b2f4565240483d21174fa47b2eb51cbf45470c28e57a2a9ec81c0a7d3ff2e8c8	45a1c04224b6bbf41985cc7f62bd142fa7bbd6591736c3b8f396425986e43e76	b2f4565240483d21174fa47b2eb51cbf45470c28e57a2a9ec81c0a7d3ff2e8c8	45a1c04224b6bbf41985cc7f62bd142fa7bbd6591736c3b8f396425986e43e76	b2f4565240483d21174fa47b2eb51cbf45470c28e57a2a9ec81c0a7d3ff2e8c8	b2f4565240483d21174fa47b2eb51cbf45470c28e57a2a9ec81c0a7d3ff2e8c8	70	70	-
v049	JUXPID_comp_0	STALE+LEVER	2	a64c65365126e50307b8fc34ae8c831c40edd386e959fe8230775e44d562fc4d	a64c65365126e50307b8fc34ae8c831c40edd386e959fe8230775e44d562fc4d	e7cc0c0ff0dc6db4eae44ee6d5934e0556196cd2795d9a16768c2770194e6e30	be1b2a15efaa63ef6504407d0c96bb61375776d7fb4b9ff79de988ee4d7a3420	0ddaaf2261fcaac9f9b02df3ef6b4bc427564af34e85a89d90eea257159bca85	0ddaaf2261fcaac9f9b02df3ef6b4bc427564af34e85a89d90eea257159bca85	106	106	eta
v049	KEHNOA_comp_0	LEVER	3	2070e3b69520d55ab8c2f4f4162fb15a733e10d79962e3b0f73537b848b709ff	c6d9701c516cfde70b3bfbb77c3e1ebbe6ea51af45016187a5a2b5251578df98	2070e3b69520d55ab8c2f4f4162fb15a733e10d79962e3b0f73537b848b709ff	c6d9701c516cfde70b3bfbb77c3e1ebbe6ea51af45016187a5a2b5251578df98	2070e3b69520d55ab8c2f4f4162fb15a733e10d79962e3b0f73537b848b709ff	2070e3b69520d55ab8c2f4f4162fb15a733e10d79962e3b0f73537b848b709ff	89	89	-
v049	KIHHUG_comp_0	STALE	3	fe1b964710ce14f257891106d86f669003e5dbd91e6bb4dd299be05c49723c74	a469cf08de6fd6f4a7444cd8c47eec4dadb3224a410450a944ee03420b378e10	fe1b964710ce14f257891106d86f669003e5dbd91e6bb4dd299be05c49723c74	5d89b34d4699566ef352450f336dc8cd514a3dd5412d9949a3ab030c7ec2395b	fe1b964710ce14f257891106d86f669003e5dbd91e6bb4dd299be05c49723c74	5d89b34d4699566ef352450f336dc8cd514a3dd5412d9949a3ab030c7ec2395b	93	89	eta
v049	KUPVEX_comp_0	STALE	2	ce99b50acc17092236719b38964937119eabfbf91529f3a98c51f879ddb10acb	f95b74080b0e11fc8f6558f4c4931e40d7d2fb749539b1c633e77e899562a77e	f95b74080b0e11fc8f6558f4c4931e40d7d2fb749539b1c633e77e899562a77e	f95b74080b0e11fc8f6558f4c4931e40d7d2fb749539b1c633e77e899562a77e	f95b74080b0e11fc8f6558f4c4931e40d7d2fb749539b1c633e77e899562a77e	f95b74080b0e11fc8f6558f4c4931e40d7d2fb749539b1c633e77e899562a77e	105	105	-
v049	LIRBUK_comp_0	LEVER	2	296f9cdc527744b7ed953b050dea0dee1d5db67234d3290b8c67a153a38a2b24	296f9cdc527744b7ed953b050dea0dee1d5db67234d3290b8c67a153a38a2b24	296f9cdc527744b7ed953b050dea0dee1d5db67234d3290b8c67a153a38a2b24	296f9cdc527744b7ed953b050dea0dee1d5db67234d3290b8c67a153a38a2b24	28775c7c6d6b5baa027099cb448faa3096849dcbd4339ef1de9c7f43970b2a36	28775c7c6d6b5baa027099cb448faa3096849dcbd4339ef1de9c7f43970b2a36	106	106	-
v049	MEXWUH_comp_0	STALE	2	a7f657833c8a4ac221399fbde335f6b910e8399d22358d5a066978d60821c26b	a7f657833c8a4ac221399fbde335f6b910e8399d22358d5a066978d60821c26b	d431ee27f6647b32bfbc5260dd701f2365344996231f038400ed6b568f4294fd	d431ee27f6647b32bfbc5260dd701f2365344996231f038400ed6b568f4294fd	d431ee27f6647b32bfbc5260dd701f2365344996231f038400ed6b568f4294fd	d431ee27f6647b32bfbc5260dd701f2365344996231f038400ed6b568f4294fd	110	110	-
v049	NEGVOL_comp_0	LEVER	2	7dbac26ff2810b899546bd38c2a0e34f8c96e8355df86c5fc0850ab468b469c9	NO_STRUCTURE@300s	7dbac26ff2810b899546bd38c2a0e34f8c96e8355df86c5fc0850ab468b469c9		f4015d56e3ca1a0d754b9b667302401ffad2bc662a525683a460f38bdbb280bd	NO_STRUCTURE@300s	171	-	-
v049	OMOBIC_comp_0	LEVER	3	c4b9987ad5d411715bfe89cea6a52d8dc5a08b82e7be33ed4bed3cd44c6b6a12	dfeefd0f2d3f79fb2ef9d79464af1cdd54e35f8fe1648f54d21c4807dde17b00	c4b9987ad5d411715bfe89cea6a52d8dc5a08b82e7be33ed4bed3cd44c6b6a12	dfeefd0f2d3f79fb2ef9d79464af1cdd54e35f8fe1648f54d21c4807dde17b00	c4b9987ad5d411715bfe89cea6a52d8dc5a08b82e7be33ed4bed3cd44c6b6a12	c4b9987ad5d411715bfe89cea6a52d8dc5a08b82e7be33ed4bed3cd44c6b6a12	134	134	-
v049	PAKWAB_comp_0	STALE	2	fec7122c48935dbfed1f480c6de17e34185143796c6983d293148ef594b54f86	9bc52dc851dd4ea91b86c7136e8858a002b9d25d5e7a428edbd85b16c9afbffa	f8050eac2508285dc328ee60ae3a0da24e77078a0f4b6e8486ff80c773367802	f8050eac2508285dc328ee60ae3a0da24e77078a0f4b6e8486ff80c773367802	f8050eac2508285dc328ee60ae3a0da24e77078a0f4b6e8486ff80c773367802	f8050eac2508285dc328ee60ae3a0da24e77078a0f4b6e8486ff80c773367802	128	128	eta
v049	PODZEO_comp_0	LEVER	2	b37879390fed8a22f35836962e6485b0ba453a6a9a805f45638630526e89df0b	NO_STRUCTURE@300s	b37879390fed8a22f35836962e6485b0ba453a6a9a805f45638630526e89df0b	3aff1118b5e511de69d145fa7f551e028272bca382e9a93808542b1d1a397d26	87a5ca955babe7e26e2d43d260d5e4f52e19709fea550cc786651893b0ed8bf5	NO_STRUCTURE@300s	126	-	-
v049	QIDHEQ_comp_0	STALE	2	74331613a7fb6c9c529d6ab05828253ae1eb001b0b8bba67c70b4978ac134f56	NO_STRUCTURE@300s	57d874e6de3b528dbcc450b9904d067337924be921f9714377aafe6f3780efed		57d874e6de3b528dbcc450b9904d067337924be921f9714377aafe6f3780efed	NO_STRUCTURE@300s	185	-	eta
v049	RIXVAX_comp_0	LEVER	2	0c1d1d9840b21f528c1b9da9e5f9dd11822876357efd930de7b6abe648d77a22	283ac188df943baaa9192722734eb5fee784885c2972f6c85b91c12a7238e13d	0c1d1d9840b21f528c1b9da9e5f9dd11822876357efd930de7b6abe648d77a22	283ac188df943baaa9192722734eb5fee784885c2972f6c85b91c12a7238e13d	283ac188df943baaa9192722734eb5fee784885c2972f6c85b91c12a7238e13d	283ac188df943baaa9192722734eb5fee784885c2972f6c85b91c12a7238e13d	137	137	eta
v049	RUSKOG_comp_0	LEVER	2	034c624dcb0ffd3395c20ef72b0ab973b01ca4138a8edfe81cacdd368c3820d6	034c624dcb0ffd3395c20ef72b0ab973b01ca4138a8edfe81cacdd368c3820d6	034c624dcb0ffd3395c20ef72b0ab973b01ca4138a8edfe81cacdd368c3820d6	034c624dcb0ffd3395c20ef72b0ab973b01ca4138a8edfe81cacdd368c3820d6	54de204dca18b3885bce873500a740e2f6364124d70da9fa2f64db2c53ad7a7e	54de204dca18b3885bce873500a740e2f6364124d70da9fa2f64db2c53ad7a7e	96	96	-
v049	SUDQEP_comp_0	LEVER	3	1aacae3fb9d1e87c6e45d13221c47878a82f9c70476163a63264f2c3721af431	5aeed59ab4e7c1be50babe2b00bf6ad7b90b4d4e44c96741a3cd8a95d624eaef	1aacae3fb9d1e87c6e45d13221c47878a82f9c70476163a63264f2c3721af431	5aeed59ab4e7c1be50babe2b00bf6ad7b90b4d4e44c96741a3cd8a95d624eaef	1aacae3fb9d1e87c6e45d13221c47878a82f9c70476163a63264f2c3721af431	1aacae3fb9d1e87c6e45d13221c47878a82f9c70476163a63264f2c3721af431	97	97	-
v049	TIFHAR_comp_0	LEVER	2	f8389c0caa052372c2fe4dee82d254f4429ff8c47504bf7963bcd8d7c96be208	372661e8291938d09823acfe7ff76f4c946eb037a68b33abcf8912964ef08292	f8389c0caa052372c2fe4dee82d254f4429ff8c47504bf7963bcd8d7c96be208	372661e8291938d09823acfe7ff76f4c946eb037a68b33abcf8912964ef08292	372661e8291938d09823acfe7ff76f4c946eb037a68b33abcf8912964ef08292	372661e8291938d09823acfe7ff76f4c946eb037a68b33abcf8912964ef08292	171	171	eta
v049	TOGKOR_comp_0	LEVER	2	3adccd634f596f3b5f3efb0fad863a09a5238baceed2f21fe81377b9e1374160	NO_STRUCTURE@300s	3adccd634f596f3b5f3efb0fad863a09a5238baceed2f21fe81377b9e1374160	3adccd634f596f3b5f3efb0fad863a09a5238baceed2f21fe81377b9e1374160	1809fb8385df36257af98c46ced012d4f7291ae876dc11c4d13b0ae162468696	NO_STRUCTURE@300s	135	-	eta
v049	TORHUD_comp_0	LEVER	2	51b8ed93be9f3088dddb04b5fcf30b60c2c1728297051ee976a00b7ade0210a1	1b3bffddf4d3aeb38e7c3d8e4482e311cadb29d2ad824c0cd3930e12e4984fd0	51b8ed93be9f3088dddb04b5fcf30b60c2c1728297051ee976a00b7ade0210a1	1b3bffddf4d3aeb38e7c3d8e4482e311cadb29d2ad824c0cd3930e12e4984fd0	96172ba8d3a8b638259f9163b9578662e9ffe98103dd6062886b02868f1dbd6c	96172ba8d3a8b638259f9163b9578662e9ffe98103dd6062886b02868f1dbd6c	95	95	eta
v049	ULIDIE_comp_0	LEVER	3	5b63c11abcdceef8ba1616bc07400c4814eff86f5e0aee779ae476570dc223f6	d52f4e23b26776183824146158d080fea221b25bb11aab1ea435440e0ce3492c	5b63c11abcdceef8ba1616bc07400c4814eff86f5e0aee779ae476570dc223f6	d52f4e23b26776183824146158d080fea221b25bb11aab1ea435440e0ce3492c	5b63c11abcdceef8ba1616bc07400c4814eff86f5e0aee779ae476570dc223f6	5b63c11abcdceef8ba1616bc07400c4814eff86f5e0aee779ae476570dc223f6	99	99	-
v049	ULORAQ_comp_0	LEVER	3	950408320c49164355abd1c20aca918756ee7b411ba5d3bff7cfe84a1ed4a76f	7bd2bb93fcaa701435bc02b7887d5c9d24b67a7144f4fc854d2412ba1d4569db	950408320c49164355abd1c20aca918756ee7b411ba5d3bff7cfe84a1ed4a76f	7bd2bb93fcaa701435bc02b7887d5c9d24b67a7144f4fc854d2412ba1d4569db	950408320c49164355abd1c20aca918756ee7b411ba5d3bff7cfe84a1ed4a76f	5565393cd4c83e8f9752a3663e7ed24bb5b8149cf7d729f14744ee02ba444b57	99	99	eta
v049	UNEGEB_comp_0	STALE	2	9a0a06d566fa0d8ef2f5c87adf74b856902b8a16d563f767c845c32287efe5e9	9a0a06d566fa0d8ef2f5c87adf74b856902b8a16d563f767c845c32287efe5e9	40842d4f0798c454328545704f4943e21bae923b92efb99d3d9bdf6bad90190d	40842d4f0798c454328545704f4943e21bae923b92efb99d3d9bdf6bad90190d	40842d4f0798c454328545704f4943e21bae923b92efb99d3d9bdf6bad90190d	40842d4f0798c454328545704f4943e21bae923b92efb99d3d9bdf6bad90190d	100	100	-
v049	UWULEE_comp_0	LEVER	2	18aa41e64ff63fd90b8ad0c49248cae56048c9f8157d6f4777aeb41a1f494edd	18aa41e64ff63fd90b8ad0c49248cae56048c9f8157d6f4777aeb41a1f494edd	18aa41e64ff63fd90b8ad0c49248cae56048c9f8157d6f4777aeb41a1f494edd	18aa41e64ff63fd90b8ad0c49248cae56048c9f8157d6f4777aeb41a1f494edd	2ea2ec786528329ca322f21f6f938f3df70824b0be43e7f586be2c90f92c1791	2ea2ec786528329ca322f21f6f938f3df70824b0be43e7f586be2c90f92c1791	122	122	-
v049	VEQFUT_comp_0	LEVER	2	cf6ced0c4ee946d1f9430a81e9fea8c8dcbc7a02701bd9ec1b573bd44904f960	cf6ced0c4ee946d1f9430a81e9fea8c8dcbc7a02701bd9ec1b573bd44904f960	cf6ced0c4ee946d1f9430a81e9fea8c8dcbc7a02701bd9ec1b573bd44904f960	cf6ced0c4ee946d1f9430a81e9fea8c8dcbc7a02701bd9ec1b573bd44904f960	25226329757bdead03605fa39ea58c16b9a86b9a0a3618dc99f8529fcedc4943	25226329757bdead03605fa39ea58c16b9a86b9a0a3618dc99f8529fcedc4943	246	246	-
v049	WAQXAP_comp_0	STALE	2	ff5cbee95f87baf91797b1c464a9ce8316c888cb5c0887684417366dd0d74577	ff5cbee95f87baf91797b1c464a9ce8316c888cb5c0887684417366dd0d74577	cf4f3a25320eecf0064524ca668799596c00429a5cff3430d74166803772802e	cf4f3a25320eecf0064524ca668799596c00429a5cff3430d74166803772802e	cf4f3a25320eecf0064524ca668799596c00429a5cff3430d74166803772802e	cf4f3a25320eecf0064524ca668799596c00429a5cff3430d74166803772802e	97	97	-
v049	WUWNOT_comp_0	LEVER	3	6d5ab6fe49eee7ff7ca43773502dffe76d64ad4aba2e3d1fb1b7828ac0f3593f	6990cb8a4a5ffee8759b01ddf88cc5c9c4323baa631a41f89eadcc84f3e8604c	6d5ab6fe49eee7ff7ca43773502dffe76d64ad4aba2e3d1fb1b7828ac0f3593f	6990cb8a4a5ffee8759b01ddf88cc5c9c4323baa631a41f89eadcc84f3e8604c	6d5ab6fe49eee7ff7ca43773502dffe76d64ad4aba2e3d1fb1b7828ac0f3593f	6d5ab6fe49eee7ff7ca43773502dffe76d64ad4aba2e3d1fb1b7828ac0f3593f	88	88	eta
v049	XENZAS_comp_0	STALE	2	b9c94302ad675e621ef9b2d7a3137a10ccd3c127f3039da56f9047dd7a548031	NO_STRUCTURE@300s	cac0f3f093585ef14a45eded598b9ef2c76dd9809f5388b4c65b36f859fd9ba3	cac0f3f093585ef14a45eded598b9ef2c76dd9809f5388b4c65b36f859fd9ba3	cac0f3f093585ef14a45eded598b9ef2c76dd9809f5388b4c65b36f859fd9ba3	NO_STRUCTURE@300s	115	-	eta
v049	XEXMIZ_comp_1	LEVER	2	4066e3f0559dbb24767dabdd6bd6d79036fe07a78a20c97503a4fc8b3b5b4796	1593d7069399589ce2c291517d92958fe6f2d634ba77a91a4158cb8f8b2b13c4	4066e3f0559dbb24767dabdd6bd6d79036fe07a78a20c97503a4fc8b3b5b4796	1593d7069399589ce2c291517d92958fe6f2d634ba77a91a4158cb8f8b2b13c4	1593d7069399589ce2c291517d92958fe6f2d634ba77a91a4158cb8f8b2b13c4	1593d7069399589ce2c291517d92958fe6f2d634ba77a91a4158cb8f8b2b13c4	124	124	-
v049	XUWLEH_comp_0	LEVER	2	b32d94476cfbeb07989ec9cd4cfd3349f7f3f297ab975e0efc1479eab3e7e6bb	b699a9fdd1e063de8bd6b36f3d104adbcad03bb554eb8f8c1cc735c68ee9ce76	b32d94476cfbeb07989ec9cd4cfd3349f7f3f297ab975e0efc1479eab3e7e6bb	b699a9fdd1e063de8bd6b36f3d104adbcad03bb554eb8f8c1cc735c68ee9ce76	325383892956dd4c8a164757935555ca659459e91ee504b44e58b71026d5e574	325383892956dd4c8a164757935555ca659459e91ee504b44e58b71026d5e574	84	84	-
v049	ZELKUY_comp_0	LEVER	3	3c4afaafb85dd8af8140fd4cb78b43184b523d887f8235adb00b3b0d9b2fcd9b	d812957ea96a9cbe6d458bc72c62e2b7235585b28c72809308cba35ecb317d6b	3c4afaafb85dd8af8140fd4cb78b43184b523d887f8235adb00b3b0d9b2fcd9b	d812957ea96a9cbe6d458bc72c62e2b7235585b28c72809308cba35ecb317d6b	3c4afaafb85dd8af8140fd4cb78b43184b523d887f8235adb00b3b0d9b2fcd9b	3c4afaafb85dd8af8140fd4cb78b43184b523d887f8235adb00b3b0d9b2fcd9b	117	117	eta
v049	ZOYYUJ_comp_0	LEVER	3	73e30efe6b7dbc1f31498950ebef86b0a7228d5065ebfac770da00d1a5b2bccf	d2366fbe368392fbd8865ec8a3a353a2e0e1a8682ac61aa098a9be2c8238a66b	73e30efe6b7dbc1f31498950ebef86b0a7228d5065ebfac770da00d1a5b2bccf	d2366fbe368392fbd8865ec8a3a353a2e0e1a8682ac61aa098a9be2c8238a66b	73e30efe6b7dbc1f31498950ebef86b0a7228d5065ebfac770da00d1a5b2bccf	c53daa573e0f4557ac53e0bf769ecbdf0022a168f4d7cf4eb7b6e3d3033a119e	86	83	-
v049	ZUGBUA_comp_0	LEVER	2	4febefdb5ceff3c05bd5655b7be7d8dd5a0f2754ecde91d8815628c134b70b6d	4febefdb5ceff3c05bd5655b7be7d8dd5a0f2754ecde91d8815628c134b70b6d	4febefdb5ceff3c05bd5655b7be7d8dd5a0f2754ecde91d8815628c134b70b6d	4febefdb5ceff3c05bd5655b7be7d8dd5a0f2754ecde91d8815628c134b70b6d	976aece918d5d004626564e4b3690169100accaf2c16c1a2ab42cd8667822e23	976aece918d5d004626564e4b3690169100accaf2c16c1a2ab42cd8667822e23	117	117	eta
#DONE 51
