# golden	name	sha_in	sha_out	len_in	len_out	eta	xyz_sha(observation)	status   -- arm `verify`: 1a3a1075
v047	DIDROZ_comp_0	a1f4abdbb54b8983014e3c3024aac87930e276bbc7da2d8496db2a46ef853832	a1f4abdbb54b8983014e3c3024aac87930e276bbc7da2d8496db2a46ef853832	85	85	-	0bfc67bef52364fb778c5c2af1d5acdf2cb933dae31df40ef3fd7d56be026f78	OK
v047	FOJJUM_comp_0	e15665f2e792bb64b0b26a4a88fc0515a773279f7fd7c7d8592dcb22ad05fdb7	e15665f2e792bb64b0b26a4a88fc0515a773279f7fd7c7d8592dcb22ad05fdb7	191	191	-	8c6a67a9bfc876828e7a953faf638a0578ff09ca4c53fee8cb15bc6eb6b0d0f9	OK
v047	GAMFOS_comp_0	80c07496e764975ea76b4415cbe7d7cd7cdaec229add1737e28e7316071cfdb0	80c07496e764975ea76b4415cbe7d7cd7cdaec229add1737e28e7316071cfdb0	106	106	-	a30718c693c90b9b269a73e4e6ccb1731c9f6c3e412bcd23faa7547caa39cdfb	OK
v047	IXUTAW_comp_0	e1dd0192a71de96ff3b88683ac00e3af1ffdfb81fafdc27a7787a48cab221886	e1dd0192a71de96ff3b88683ac00e3af1ffdfb81fafdc27a7787a48cab221886	110	110	eta	a8b461d2cced0cd0721fb109efe7691f3891311310ebd0e1f2d3b2cf97160af5	OK
v047	JUXPID_comp_0	0ddaaf2261fcaac9f9b02df3ef6b4bc427564af34e85a89d90eea257159bca85	0ddaaf2261fcaac9f9b02df3ef6b4bc427564af34e85a89d90eea257159bca85	106	106	eta	f29fd462d17646ff0cf0cfacb69b28f0626264c7e9e194e5d467b1031909dd0b	OK
v047	KELQOI_comp_0	8ea9e60b711d5bf2c82cfe285feab7a95a99d4f9ecfd0a10d5658f2e552656fa	8ea9e60b711d5bf2c82cfe285feab7a95a99d4f9ecfd0a10d5658f2e552656fa	153	153	-	ced0c2bb8585bc7c171f547347036b724c7e3aa744c77e64de49b8377e47b593	OK
v049	DEVFUG_comp_0	6e6f5c42410e5eeb27fa7cf9a4a776ce54b8c7c855e88525e9bf3fc1f21faf58	6e6f5c42410e5eeb27fa7cf9a4a776ce54b8c7c855e88525e9bf3fc1f21faf58	115	115	-	5673b9a840b6765b6b447860cd4b81898d1f3baa5844091740a82d8f6a28c8cb	OK
v049	ECIGAZ_comp_0	86d9e851884bcaed14702584fb5afa86593a97aa6944eb123354e6872db1807e	86d9e851884bcaed14702584fb5afa86593a97aa6944eb123354e6872db1807e	96	96	-	48d13d720506cc2a645112b3a11125b16d2dda601b2b62f2c1d3fc2ef5d5cce2	OK
v049	EQEROI_comp_0	HARD_TIMEOUT@450s	HARD_TIMEOUT@450s	-	-	-		ERROR:HardTimeout:SIGKILL after 450s
v049	FOJJUM_comp_0	e15665f2e792bb64b0b26a4a88fc0515a773279f7fd7c7d8592dcb22ad05fdb7	e15665f2e792bb64b0b26a4a88fc0515a773279f7fd7c7d8592dcb22ad05fdb7	191	191	-	8c6a67a9bfc876828e7a953faf638a0578ff09ca4c53fee8cb15bc6eb6b0d0f9	OK
v049	FOSNEI_comp_0	0a46537428ad661cd528f95b7885451a4774bc2b8cd8cc71ab8bb096d73124ce	ab102c6b82d334181a9b7ba8c902f2e7485f785a0c26f6ae5f85cb54db32007e	103	97	-	797f8a0c3fc6ab4035fc7c7c32ea4987806b917f9809b1b477db1f7f7f5d6f8f	OK
v049	FUQZAT_comp_0	810c7d9323850cf685332a6500b30d6a47058a87f08f7cc5383f253586a9057d	810c7d9323850cf685332a6500b30d6a47058a87f08f7cc5383f253586a9057d	79	79	eta	509b12245fb5e8cb778158ea6e409c5cf1a5d483a386040faf4bfff05eff0b23	OK
v049	GIFXOJ_comp_0	1a8e9cf6ff55cbc12203c863c86d9fbee471355a57def0636452e057b5ec792c	1a8e9cf6ff55cbc12203c863c86d9fbee471355a57def0636452e057b5ec792c	149	149	eta	2b011e714a9275ad9babe27b99424640094592c26144378961a85ff7932ab0ca	OK
v049	GIMKIY_comp_1	de5744e798f22d91dbb8d490397e388f43d4b6d6ebe7f75bcf4de39a6c7cb799	de5744e798f22d91dbb8d490397e388f43d4b6d6ebe7f75bcf4de39a6c7cb799	119	119	-	f302c8a1854c68effc61c4d21d4e0e63fd1834e260b0bfc70e55e390dc292a21	OK
v049	HACYEQ_comp_0	b86c2db698e6b18952c25417baea9e57fcc3c63b60b3ae784cc564be83873d9c	e791153b8bb1db042997d6d63194e311479276686469ecec773b965029578977	129	136	-	2c1dd2b268670c0f45126e764b67fe909f572ffaee2945596836e53a6e516dcc	OK
v049	HEKFEL_comp_0	f76978ccc1ccc42760203bb0d6cc304b5df944657f08e4e0de1b4f3fb88c7ff7	f76978ccc1ccc42760203bb0d6cc304b5df944657f08e4e0de1b4f3fb88c7ff7	75	75	-	4ebb5facdbc7e5ee87af145260230f91570e6e908675e7971ffc3a8ea2440dc1	OK
v049	HIKCAI_comp_0	bbc4db7c90c375b0599596dd3fd1d07b293bb4a31f73dfcf1374cd20df153dd5	bbc4db7c90c375b0599596dd3fd1d07b293bb4a31f73dfcf1374cd20df153dd5	118	118	-	62fbe16b429d8b9d4b55f3a35d3ff0df27034b9c268b0f3f7907b6091b5a7c4f	OK
v049	HIKCIQ_comp_0	bbc4db7c90c375b0599596dd3fd1d07b293bb4a31f73dfcf1374cd20df153dd5	bbc4db7c90c375b0599596dd3fd1d07b293bb4a31f73dfcf1374cd20df153dd5	118	118	-	62fbe16b429d8b9d4b55f3a35d3ff0df27034b9c268b0f3f7907b6091b5a7c4f	OK
v049	HIMFAM_comp_0	e095a203b7c4ba131864872421bca828683124f7c21b433d0784eb1c03cf770e		241	-	eta		ERROR:ValueError:MetalloGen failed to generate any conformers via OIN-direct assembly (geometry 'SQA'); OIN='[Co_SQA].C[C@]12CC[C@@H]3C4[CH][CH]C(O)[CH]C4CC[C@H]3[C@@H]1CC[C@@]2(O)[CH][CH]CS(B{0}123[BH]{1}45[CH]{3>}[CH]{3}[BH]{2}16[BH]17[BH]8[BH]49[BH]184[BH]259[BH]3674)B{4}123[BH]{5}45[CH]{6>}[CH]{6}[BH]{7}16[BH]17[BH]8[BH]49[BH]184[BH]259[BH]3674', pool=16, timeout=300.0s
v049	IGAWOF_comp_0	eb426ba7ff96fa4b70b1fa06bf1c8310c825ce2ac1b9be973162a85268ebe7da	eb426ba7ff96fa4b70b1fa06bf1c8310c825ce2ac1b9be973162a85268ebe7da	99	99	-	0b86e83428e5461d5a2cdac216ba6176ed2414fece09a3304c2a80951a819dd0	OK
v049	IMEPAS_comp_0	1b147439ccfab38056988f83bb49eea7760421a1aac3effef5e710c54eb8f738	1b147439ccfab38056988f83bb49eea7760421a1aac3effef5e710c54eb8f738	85	85	eta	d233abc88150d4308bb125979bbc59b7b77bcfb8570a76efc6afea232b7797b1	OK
v049	IRUCUU_comp_0	b2f4565240483d21174fa47b2eb51cbf45470c28e57a2a9ec81c0a7d3ff2e8c8	b2f4565240483d21174fa47b2eb51cbf45470c28e57a2a9ec81c0a7d3ff2e8c8	70	70	-	5504449f6a8004aea71117baaccbaf2f83c8bd9817724e6ebfcae768b053b8e7	OK
v049	JUXPID_comp_0	0ddaaf2261fcaac9f9b02df3ef6b4bc427564af34e85a89d90eea257159bca85	0ddaaf2261fcaac9f9b02df3ef6b4bc427564af34e85a89d90eea257159bca85	106	106	eta	f29fd462d17646ff0cf0cfacb69b28f0626264c7e9e194e5d467b1031909dd0b	OK
v049	KEHNOA_comp_0	2070e3b69520d55ab8c2f4f4162fb15a733e10d79962e3b0f73537b848b709ff	2070e3b69520d55ab8c2f4f4162fb15a733e10d79962e3b0f73537b848b709ff	89	89	-	94bcc622ee2afb6209357aaff3721b2635855f127a41ec9869bbe08253c4a088	OK
v049	KIHHUG_comp_0	fe1b964710ce14f257891106d86f669003e5dbd91e6bb4dd299be05c49723c74	5d89b34d4699566ef352450f336dc8cd514a3dd5412d9949a3ab030c7ec2395b	93	89	eta	087a8be04f74e0b3c2fb92ced2289b1766628d5fb20a08572b5a29b67d3b699b	OK
v049	KUPVEX_comp_0	f95b74080b0e11fc8f6558f4c4931e40d7d2fb749539b1c633e77e899562a77e	f95b74080b0e11fc8f6558f4c4931e40d7d2fb749539b1c633e77e899562a77e	105	105	-	400814e59c21fb9a578c74bbb2e007fb4861b512c5db9a62e6e5ba8f43d69ef7	OK
v049	LIRBUK_comp_0	28775c7c6d6b5baa027099cb448faa3096849dcbd4339ef1de9c7f43970b2a36	28775c7c6d6b5baa027099cb448faa3096849dcbd4339ef1de9c7f43970b2a36	106	106	-	d54e37c2f875b48752ae4de3561498692f24f709677436b41598f681a9dd2c77	OK
v049	MEXWUH_comp_0	d431ee27f6647b32bfbc5260dd701f2365344996231f038400ed6b568f4294fd	d431ee27f6647b32bfbc5260dd701f2365344996231f038400ed6b568f4294fd	110	110	-	96b1c4bf6c81654011f919c7748fc596723a0a3d2beaa61b857f20ec75b30ad6	OK
v049	MUKGUW_comp_0	HARD_TIMEOUT@450s	HARD_TIMEOUT@450s	-	-	-		ERROR:HardTimeout:SIGKILL after 450s
v049	NEGVOL_comp_0	f4015d56e3ca1a0d754b9b667302401ffad2bc662a525683a460f38bdbb280bd		171	-	-		ERROR:ValueError:MetalloGen failed to generate any conformers via OIN-direct assembly (geometry 'SPL'); OIN='[Ni_SPL].C(=CP{0}(c1ccccc1)c1ccccc1)P{1}(c1ccccc1)c1ccccc1.C1C[C@@]23[BH]{2}45[BH]267[BH]28[BH]9%10%11[BH]{3}%12([C@]39C1)[BH]413[BH]564[BH]725[BH]8%102[BH]%11%121[BH]3452', pool=5, timeout=300.0s
v049	OMOBIC_comp_0	c4b9987ad5d411715bfe89cea6a52d8dc5a08b82e7be33ed4bed3cd44c6b6a12	c4b9987ad5d411715bfe89cea6a52d8dc5a08b82e7be33ed4bed3cd44c6b6a12	134	134	-	3c847bb72951e9b1a64a5a89994f17b179fe788a4d842abbb7e91dc61f6720cd	OK
v049	PAKWAB_comp_0	f8050eac2508285dc328ee60ae3a0da24e77078a0f4b6e8486ff80c773367802	f8050eac2508285dc328ee60ae3a0da24e77078a0f4b6e8486ff80c773367802	128	128	eta	c1762d73f2e406d92199cf22ad923940a3b0bc83612fb671c418289a7de3f0d4	OK
v049	PODZEO_comp_0	87a5ca955babe7e26e2d43d260d5e4f52e19709fea550cc786651893b0ed8bf5	f154da5ccc0748828a33b4f6f1e0b4a3579d803406b539d630c297d7aca4efbc	126	134	-	526e8ce66634754ead870df364dcb17310e32e584c67b88673a5ade74660150e	OK
v049	QIDHEQ_comp_0	57d874e6de3b528dbcc450b9904d067337924be921f9714377aafe6f3780efed		185	-	eta		ERROR:ValueError:MetalloGen failed to generate any conformers via OIN-direct assembly (geometry 'SPL'); OIN='[Rh_SPL].[CH]{0}1=[CH]{0>}CC[CH]{1>}=[CH]{1}CC1.[CH]1[CH][CH]C(S{3}[C@]23[BH]{2}45[BH2]67[BH]89[C@@]2(C2[CH][CH][CH][CH][CH]2)[BH]82%10[BH]8[BH]34%11[BH]563[BH]792[BH]%108%113)[CH][CH]1', pool=16, timeout=300.0s
v049	RIXVAX_comp_0	283ac188df943baaa9192722734eb5fee784885c2972f6c85b91c12a7238e13d	283ac188df943baaa9192722734eb5fee784885c2972f6c85b91c12a7238e13d	137	137	eta	853a53126b6fd035e3318059d2e6543100db6fdd7f7bd87dccb9becc4cec7ca8	OK
v049	RUSKOG_comp_0	54de204dca18b3885bce873500a740e2f6364124d70da9fa2f64db2c53ad7a7e	54de204dca18b3885bce873500a740e2f6364124d70da9fa2f64db2c53ad7a7e	96	96	-	e369ad920bdbaacafdbdf4e36b1160ef9cd0845c93fa2025e9b593b81baff938	OK
v049	SUDQEP_comp_0	1aacae3fb9d1e87c6e45d13221c47878a82f9c70476163a63264f2c3721af431	1aacae3fb9d1e87c6e45d13221c47878a82f9c70476163a63264f2c3721af431	97	97	-	5415d0dc8507cc55a11b7efac5ec4cb83c147c7882c7e94ab45b0d0f675a23fc	OK
v049	TIFHAR_comp_0	372661e8291938d09823acfe7ff76f4c946eb037a68b33abcf8912964ef08292	372661e8291938d09823acfe7ff76f4c946eb037a68b33abcf8912964ef08292	171	171	eta	21a220e5b822f03dbe68399bd23cc3ebaf836f90a4e98065e92ee1a82f41dc9f	OK
v049	TOGKOR_comp_0	1809fb8385df36257af98c46ced012d4f7291ae876dc11c4d13b0ae162468696	1809fb8385df36257af98c46ced012d4f7291ae876dc11c4d13b0ae162468696	135	135	eta	df70560017e692f5e586ccc8c9786c4e05bee464b661f52ebbb5b257e865b8f1	OK
v049	TORHUD_comp_0	96172ba8d3a8b638259f9163b9578662e9ffe98103dd6062886b02868f1dbd6c	96172ba8d3a8b638259f9163b9578662e9ffe98103dd6062886b02868f1dbd6c	95	95	eta	c6fe1e440a059989bb997eeb29884b7920e50cfc1dd23a3d2e9d736340b113a8	OK
v049	ULIDIE_comp_0	5b63c11abcdceef8ba1616bc07400c4814eff86f5e0aee779ae476570dc223f6	5b63c11abcdceef8ba1616bc07400c4814eff86f5e0aee779ae476570dc223f6	99	99	-	4b0473dd51e272a58119c6522d4b2a77d78071c74a5be23974d133d084309186	OK
v049	ULORAQ_comp_0	950408320c49164355abd1c20aca918756ee7b411ba5d3bff7cfe84a1ed4a76f	5565393cd4c83e8f9752a3663e7ed24bb5b8149cf7d729f14744ee02ba444b57	99	99	eta	5ea1c2754d0ed63e374935d3c14239222b635a2720e442094acbeb6854bc361a	OK
v049	UNEGEB_comp_0	40842d4f0798c454328545704f4943e21bae923b92efb99d3d9bdf6bad90190d	40842d4f0798c454328545704f4943e21bae923b92efb99d3d9bdf6bad90190d	100	100	-	d80864fc53f1592c788a96318686043844fc70e18163f31a19b073f9067014ee	OK
v049	UWULEE_comp_0	2ea2ec786528329ca322f21f6f938f3df70824b0be43e7f586be2c90f92c1791	2ea2ec786528329ca322f21f6f938f3df70824b0be43e7f586be2c90f92c1791	122	122	-	0c67b9d78ec56a40ddff2f8b7cc96415933bcf6385aefc4527196e378dc27791	OK
v049	VEQFUT_comp_0	25226329757bdead03605fa39ea58c16b9a86b9a0a3618dc99f8529fcedc4943	25226329757bdead03605fa39ea58c16b9a86b9a0a3618dc99f8529fcedc4943	246	246	-	0d4fae94e7e6b2aef9d942ebe6524f551e9408e0a00bd212f1fc0ceaa5e7a88d	OK
v049	WAQXAP_comp_0	cf4f3a25320eecf0064524ca668799596c00429a5cff3430d74166803772802e	cf4f3a25320eecf0064524ca668799596c00429a5cff3430d74166803772802e	97	97	-	946d42a7a0657234b6267f1914c156983c8da2e30db8872dc66a42f2956bd63d	OK
v049	WUWNOT_comp_0	6d5ab6fe49eee7ff7ca43773502dffe76d64ad4aba2e3d1fb1b7828ac0f3593f	6d5ab6fe49eee7ff7ca43773502dffe76d64ad4aba2e3d1fb1b7828ac0f3593f	88	88	eta	fe84590b1db7155c4fa3e26896776cc97cae9c54c7f8641ca245155b3c8ebc40	OK
v049	XENZAS_comp_0	cac0f3f093585ef14a45eded598b9ef2c76dd9809f5388b4c65b36f859fd9ba3	cac0f3f093585ef14a45eded598b9ef2c76dd9809f5388b4c65b36f859fd9ba3	115	115	eta	33162c696f6ae659147e0d97740b6a21bbe29eab6fdb74f23dca65d378f9b3f7	OK
v049	XEXMIZ_comp_1	1593d7069399589ce2c291517d92958fe6f2d634ba77a91a4158cb8f8b2b13c4	1593d7069399589ce2c291517d92958fe6f2d634ba77a91a4158cb8f8b2b13c4	124	124	-	306b5fcbb073725122929595d8aecc17597bdc787cc0d5054ac3a28401bf1aef	OK
v049	XUWLEH_comp_0	325383892956dd4c8a164757935555ca659459e91ee504b44e58b71026d5e574	325383892956dd4c8a164757935555ca659459e91ee504b44e58b71026d5e574	84	84	-	57b43b33b8d133245e8d51c99905390733b22717dfa672c0f5e24db5c9df40de	OK
v049	ZELKUY_comp_0	3c4afaafb85dd8af8140fd4cb78b43184b523d887f8235adb00b3b0d9b2fcd9b	3c4afaafb85dd8af8140fd4cb78b43184b523d887f8235adb00b3b0d9b2fcd9b	117	117	eta	11717b7cf5dbd41fec9d33422a3c76b42552a8e7f840a34dab794b27570ecc99	OK
v049	ZOYYUJ_comp_0	73e30efe6b7dbc1f31498950ebef86b0a7228d5065ebfac770da00d1a5b2bccf	c53daa573e0f4557ac53e0bf769ecbdf0022a168f4d7cf4eb7b6e3d3033a119e	86	83	-	af6322eb03a714a8f79f04ef5798f69c120710d051f6d1381a34afa009d9dd28	OK
v049	ZUGBUA_comp_0	976aece918d5d004626564e4b3690169100accaf2c16c1a2ab42cd8667822e23	976aece918d5d004626564e4b3690169100accaf2c16c1a2ab42cd8667822e23	117	117	eta	2bb4a92a3bb70d88d70d0546798ccfcfdaaefa5ab285541310455f8887e921af	OK
#DONE 53
