0	COFBAB_comp_0	2b89cff0e6c94b3b7d17eaedf612187cbcbfba30b6ef62d5b4cc485663e37cce	2b89cff0e6c94b3b7d17eaedf612187cbcbfba30b6ef62d5b4cc485663e37cce	116	116	-	5f1fe77466582eb5c914e581727d2311e875b68dda5315ae203fb251999fd094	OK
1	COFBAB_comp_0	3eb960d5748c8d46913603cef6fd6a010521121cb9be8118e0a0f5de57942ef2	3eb960d5748c8d46913603cef6fd6a010521121cb9be8118e0a0f5de57942ef2	116	116	-	0d34e6516776e36666f42c0ee41cda14d5418057c2b9573435e37efce9c6c995	OK
0	DERKOD_comp_0	896b119c022a91a222de58fba1ce011a83a04728b0dbd5027ce8decfb3a7cc1e	896b119c022a91a222de58fba1ce011a83a04728b0dbd5027ce8decfb3a7cc1e	100	100	-	d87b1eaf881b2f4dcf83c0414a66f77f78a7aa55b6bbc68611eac9415392d1ea	OK
1	DERKOD_comp_0	fb374ea686f42c692b4c32ee5b91f7285ed2190596fa9fb93847b3b646158efb	fb374ea686f42c692b4c32ee5b91f7285ed2190596fa9fb93847b3b646158efb	100	100	-	1a81c5e99adba714dda2e26b4c15685aa243e6aaab7d9c3534e7986b9847a0bd	OK
0	DIDJAC_comp_0	4e5d016932429e953899112111a28201602f4b0cb1071c5be40f644807cd25b7	4e5d016932429e953899112111a28201602f4b0cb1071c5be40f644807cd25b7	67	67	-	a7081f51cdef10e484aa76e5027479a04c9bd3357a4662dae5be326894b4e103	OK
1	DIDJAC_comp_0	4e5d016932429e953899112111a28201602f4b0cb1071c5be40f644807cd25b7	4e5d016932429e953899112111a28201602f4b0cb1071c5be40f644807cd25b7	67	67	-	a7081f51cdef10e484aa76e5027479a04c9bd3357a4662dae5be326894b4e103	OK
0	DOCNIU_comp_0	57d06aeae62344446634c3d026ef172528fd0fd4f42a76222fcd8d64bf93c0b5	57d06aeae62344446634c3d026ef172528fd0fd4f42a76222fcd8d64bf93c0b5	86	86	-	4e4705e364293564bfbbc014c4a6a160d9938d956d8c214fe8c2aac5843d5a7b	OK
1	DOCNIU_comp_0	782497dab8fc31da5e537bbb01ce253f30d832cdaf28c8a5432889857c3b98cf	782497dab8fc31da5e537bbb01ce253f30d832cdaf28c8a5432889857c3b98cf	86	86	-	eaaa40c4587c7db37c6cc408f939c395280cb2ce0741c8ee56ff33bc01985b27	OK
0	DOTWEQ_comp_0	34bdf3265a6f59f59036555b3e7d01d62f91f9206d5a0dde0e4512679f173c69	34bdf3265a6f59f59036555b3e7d01d62f91f9206d5a0dde0e4512679f173c69	67	67	-	49311a2ea0761e9c86bca98f637918515820025f24e032f5c2ba5838e0e84729	OK
1	DOTWEQ_comp_0	46abbfd6fe6ad61182536d95f0a077ead4a11e01d3a27ae5960c68d3b031f823	46abbfd6fe6ad61182536d95f0a077ead4a11e01d3a27ae5960c68d3b031f823	67	67	-	641d99ed243ad0643e2cdb80169688942882c0acf8aa5beec667861104c5cc98	OK
0	EGUFIV_comp_0	0f859c684926e6de5f75879eb094e8242dbb8d1b5135c39c63b9d870d12e9284	64556996e9510da3f331cc7acfc82e16f071926757eabadc44b9f430baf398c5	68	68	-	4737a3fa450742e11e51769b4302f82aa661b88543833c17ec1b9efeb5ccb29d	OK
1	EGUFIV_comp_0	64556996e9510da3f331cc7acfc82e16f071926757eabadc44b9f430baf398c5	64556996e9510da3f331cc7acfc82e16f071926757eabadc44b9f430baf398c5	68	68	-	2ab5018279a2ba838f6c5fac3a898f0f1723c56bcc8cab5037126816d70b9398	OK
0	EHAQAG_comp_0	358740b5697fd7226f585067ecf4aef35eef01b19003ea6d37a70d7e4909523b	358740b5697fd7226f585067ecf4aef35eef01b19003ea6d37a70d7e4909523b	93	93	-	97ae19310213b5b1e5d1b93c4916a641593bb760a9bf359d669b5dd19a8a0012	OK
1	EHAQAG_comp_0	358740b5697fd7226f585067ecf4aef35eef01b19003ea6d37a70d7e4909523b	358740b5697fd7226f585067ecf4aef35eef01b19003ea6d37a70d7e4909523b	93	93	-	97ae19310213b5b1e5d1b93c4916a641593bb760a9bf359d669b5dd19a8a0012	OK
0	ELOWAD_comp_0	c9a5ae87a185ed0ea4d612756509f5ec2d4fe65c6b50543e8f610c9ada13cf5a	c9a5ae87a185ed0ea4d612756509f5ec2d4fe65c6b50543e8f610c9ada13cf5a	117	117	-	b33f6f6d9db0834b7548b4472de44915f1fd88c0349665c97e7ffe835f66bd9d	OK
1	ELOWAD_comp_0	99d8398cad2dbd95c0faabb1a1521ec2a1d656b78b311afd4dbcffbc6b0676c8	99d8398cad2dbd95c0faabb1a1521ec2a1d656b78b311afd4dbcffbc6b0676c8	117	117	-	b33f6f6d9db0834b7548b4472de44915f1fd88c0349665c97e7ffe835f66bd9d	OK
0	FIFZIF_comp_0	18a299c6f0af9b4ec0627b331e0ae9cdd1184d36247f3542810ca62be651646d	18a299c6f0af9b4ec0627b331e0ae9cdd1184d36247f3542810ca62be651646d	136	136	-	89aba1cab9db06cc119264d234124c9bb25d3fa3a45ce3947e469f2c566f756c	OK
1	FIFZIF_comp_0	3e5415eddab923c90fa8c35210e9e2515f0efa574b3216ac02bb70093af31046	3e5415eddab923c90fa8c35210e9e2515f0efa574b3216ac02bb70093af31046	136	136	-	bb00283af658398aeccdca5bea236f63d4779b49d33cef7363988d34ff939d35	OK
0	GOHNEW_comp_0	c926b6d276dc5ab4a605aa2f482c8cfd6fadf09d6319337fe2736a609d9d9131	c926b6d276dc5ab4a605aa2f482c8cfd6fadf09d6319337fe2736a609d9d9131	83	83	-	8c088b07832291ce334bad5895f6db112f03fdebcc562003535ab65aef043592	OK
1	GOHNEW_comp_0	c926b6d276dc5ab4a605aa2f482c8cfd6fadf09d6319337fe2736a609d9d9131	c926b6d276dc5ab4a605aa2f482c8cfd6fadf09d6319337fe2736a609d9d9131	83	83	-	8c088b07832291ce334bad5895f6db112f03fdebcc562003535ab65aef043592	OK
0	KADYEW_comp_0	03d4827a26ffec6e90e28a60deeba574f0a44b8dd9d58dc0e8192cf4e349dbc1	03d4827a26ffec6e90e28a60deeba574f0a44b8dd9d58dc0e8192cf4e349dbc1	113	113	-	ec812762806160726e177cd71cf184b363371b1d05703d5e760259ca33ef008c	OK
1	KADYEW_comp_0	4600c38ececb99858cbec8354d7b596a3aaa06097be60ed74634a875d5922f5f	4600c38ececb99858cbec8354d7b596a3aaa06097be60ed74634a875d5922f5f	113	113	-	bbd90067211ad21bfbc9e50521ba7049871d05d7d422e30b2cecdca90ed40ee8	OK
0	NIYZED_comp_0	7c60ca9b02b576cb46b2b29cfc132c95955d64fa0377685ae87144a3072bef04	7c60ca9b02b576cb46b2b29cfc132c95955d64fa0377685ae87144a3072bef04	65	65	-	400ded520b2d2ed70a36bf30ca3a9d873c691f6c6b4dc505f4c8368092e27566	OK
1	NIYZED_comp_0	7c60ca9b02b576cb46b2b29cfc132c95955d64fa0377685ae87144a3072bef04	7c60ca9b02b576cb46b2b29cfc132c95955d64fa0377685ae87144a3072bef04	65	65	-	400ded520b2d2ed70a36bf30ca3a9d873c691f6c6b4dc505f4c8368092e27566	OK
0	PACYOJ_comp_0	0533574d3c419b3c9b24ce24430acbf65cfa2f9554ef39c81d5c3dc0af1d6b3f	0533574d3c419b3c9b24ce24430acbf65cfa2f9554ef39c81d5c3dc0af1d6b3f	76	76	-	d8c54a167775abd402f23f9afd30a2a07db9355682520aa0370bb0e487aa4a6b	OK
1	PACYOJ_comp_0	6cdb6cd6759087c5f3b718c784e094e3871239f76aff5a105e519fb24a27ab56	6cdb6cd6759087c5f3b718c784e094e3871239f76aff5a105e519fb24a27ab56	76	76	-	b9332833a36e5ee3a0993f70a2f79d5670112c9c471e54b52bb7588b99c36a90	OK
0	REMFIY_comp_0	c4858abe32fb2a8f45114ad28af4e76f900d3fa8b5cb41040c5253831a223115	c4858abe32fb2a8f45114ad28af4e76f900d3fa8b5cb41040c5253831a223115	68	68	-	ecf087b58ede10f1be80f3b0cd710e2d14e32db1d061260b4933117f3f5f88c2	OK
1	REMFIY_comp_0	c4858abe32fb2a8f45114ad28af4e76f900d3fa8b5cb41040c5253831a223115	c4858abe32fb2a8f45114ad28af4e76f900d3fa8b5cb41040c5253831a223115	68	68	-	ecf087b58ede10f1be80f3b0cd710e2d14e32db1d061260b4933117f3f5f88c2	OK
0	RULKOZ_comp_0	f57d2f32aeb305111067b0586699c5c453097d2c597ea4d43d28782e2acf745a	f57d2f32aeb305111067b0586699c5c453097d2c597ea4d43d28782e2acf745a	63	63	-	2079c62e96247e6b85f821295491c1cafa3a2b55d2edc6e9abf5307e51f417e3	OK
1	RULKOZ_comp_0	693559c5e695e174648dd2e11d15e03b6a47100dc14e436b5b38a2573036ab7f	693559c5e695e174648dd2e11d15e03b6a47100dc14e436b5b38a2573036ab7f	63	63	-	d18bfdc5cd5042df1ebcef62435bbd01c5db9e84a7da0ffde5d7c912dca97775	OK
0	SIWXUT_comp_0	788289c106b8ea3f34df536e272a862ff33ca772fafa26d4b2619af6a701e32b	788289c106b8ea3f34df536e272a862ff33ca772fafa26d4b2619af6a701e32b	98	98	-	4d4b7f3dbfcb7171889b8afa07767d45fd4490aa8e6e74bca95ac8083105e71c	OK
1	SIWXUT_comp_0	788289c106b8ea3f34df536e272a862ff33ca772fafa26d4b2619af6a701e32b	788289c106b8ea3f34df536e272a862ff33ca772fafa26d4b2619af6a701e32b	98	98	-	4d4b7f3dbfcb7171889b8afa07767d45fd4490aa8e6e74bca95ac8083105e71c	OK
0	WAWMAK_comp_0	5ac4327e61649e219e7d0b8f08cd595e228e41d6052147445ddaeda491eba0e9	5ac4327e61649e219e7d0b8f08cd595e228e41d6052147445ddaeda491eba0e9	99	99	-	9c7d22018391e8fbc38e9828bf1e490516b67b7024bbe6f85b62dafdd612ad37	OK
1	WAWMAK_comp_0	5ac4327e61649e219e7d0b8f08cd595e228e41d6052147445ddaeda491eba0e9	5ac4327e61649e219e7d0b8f08cd595e228e41d6052147445ddaeda491eba0e9	99	99	-	9c7d22018391e8fbc38e9828bf1e490516b67b7024bbe6f85b62dafdd612ad37	OK
0	XIXTUV_comp_0	e8aa04eb62a752ea9697ff6d0028fb485034f4ee1260ee0f5f6af8d74ae114c2	e8aa04eb62a752ea9697ff6d0028fb485034f4ee1260ee0f5f6af8d74ae114c2	68	68	-	94bb734415c4291b3f659135395067924d9c11b79316d3d43f9e71817863536b	OK
1	XIXTUV_comp_0	7eb0596bb3689c91dbfcaaa346b15762a35bc847957f833ff1479e089d39d00b	7eb0596bb3689c91dbfcaaa346b15762a35bc847957f833ff1479e089d39d00b	68	68	-	70ea2bf635e626b0a21b20260eb17edd6604364191d4604a05160774748757ef	OK
0	XIXVIL_comp_0	7409428d46b8da056d3fc85cad19eb09739aa066ee96cf67ebc14421df237171	7409428d46b8da056d3fc85cad19eb09739aa066ee96cf67ebc14421df237171	57	57	-	841cd9cca9c36c8b9843fe39850447a15fd5c833da080571979ac196ca30add3	OK
1	XIXVIL_comp_0	7409428d46b8da056d3fc85cad19eb09739aa066ee96cf67ebc14421df237171	7409428d46b8da056d3fc85cad19eb09739aa066ee96cf67ebc14421df237171	57	57	-	841cd9cca9c36c8b9843fe39850447a15fd5c833da080571979ac196ca30add3	OK
0	XIXXUZ_comp_0	2e6b50f163ded559067d3fa9a7895dbaecfbe399d5523776b4a652eadf715289	2e6b50f163ded559067d3fa9a7895dbaecfbe399d5523776b4a652eadf715289	92	92	-	d51b3866dc660b34d4e7c4c87e1f9a96b7ecb47d62e3e3407f269c9730e944c6	OK
1	XIXXUZ_comp_0	d0a88894d0471afd77e09539e28f6320c074b286997a51675842538322a75990	d0a88894d0471afd77e09539e28f6320c074b286997a51675842538322a75990	92	92	-	d51b3866dc660b34d4e7c4c87e1f9a96b7ecb47d62e3e3407f269c9730e944c6	OK
