# golden	name	sha_in	sha_out	len_in	len_out	eta	xyz_sha(observation)	status   -- arm `off`: bd845795
v049	AKUMAV_comp_0	438e5ad4925a59d0af4d093d19c8e128833be47e1bf633ce4d6fa9afcdaf682d	438e5ad4925a59d0af4d093d19c8e128833be47e1bf633ce4d6fa9afcdaf682d	131	131	-	b2ff1ef306ca75bffdd5b7620eede6b8ba51e725df69323a1d3711c0582a4415	OK	dc3dacf3fdef622a41bf86f3519917d880703d7fb8c0de94908380e5fda3a83f
v049	COJJOD_comp_0	8b4ac09aa014e19f191c083f5fe5701b0d442f3c1a22b2bc418ce564628d9858	8b4ac09aa014e19f191c083f5fe5701b0d442f3c1a22b2bc418ce564628d9858	108	108	-	2cfb559681a47415da722e3c90ad58684c3c11521aa2531b48e6fbaea5802358	OK	66e823f4e8c2dec9844da93dd02c50fd0f01f338bb994d7aded1d38bb6738b0c
v049	GIFVUN_comp_0	5d79d5e4647719b4676fa8135c2b828099c1a56df2b1f390dd6870ef16c022e6		145	-	eta		ERROR:ValueError:MetalloGen failed to generate any conformers via OIN-direct assembly (geometry 'SQA'); OIN='[Ti_SQA].CN(C)C(=O{0})N(c1ccccc1)[C@H](O{1})c1ccccc1.CN{3}(C)CC{5}1C{5>}(CO{2})[BH]{4}23[BH]45[BH]6[BH]78[BH]{6}19[BH]{7}21[BH]342[BH]567[BH]8912', pool=16, timeout=300.0s
v049	HIMFAM_comp_0	e095a203b7c4ba131864872421bca828683124f7c21b433d0784eb1c03cf770e		241	-	eta		ERROR:ValueError:MetalloGen failed to generate any conformers via OIN-direct assembly (geometry 'SQA'); OIN='[Co_SQA].C[C@]12CC[C@@H]3C4[CH][CH]C(O)[CH]C4CC[C@H]3[C@@H]1CC[C@@]2(O)[CH][CH]CS(B{0}123[BH]{1}45[CH]{3>}[CH]{3}[BH]{2}16[BH]17[BH]8[BH]49[BH]184[BH]259[BH]3674)B{4}123[BH]{5}45[CH]{6>}[CH]{6}[BH]{7}16[BH]17[BH]8[BH]49[BH]184[BH]259[BH]3674', pool=16, timeout=300.0s
v049	HITHAW_comp_0	9f522c9b2a99bc89c58ac2599be33e2fb6856bec60236effa8254a8564ba8864		135	-	-		ERROR:ValueError:MetalloGen failed to generate any conformers via OIN-direct assembly (geometry 'TET'); OIN='[Sc_TET].C=CO/C(O{0})=C(/C)C[PH](CC)(CC)CC.CC(C)(C)c1cccc(C(C)(C)C)c1O{1}.CC(C)(C)c1cccc(C(C)(C)C)c1O{2}.CC(C)(C)c1cccc(C(C)(C)C)c1O{3}', pool=5, timeout=300.0s
v049	JIVRIP_comp_0	a42d5427d74fd6d4e2f4bd5a3bc4d038b6c3fbdaa0b6db31290ddd36abddb7d5	a42d5427d74fd6d4e2f4bd5a3bc4d038b6c3fbdaa0b6db31290ddd36abddb7d5	123	123	-	9c38f7a80ac6a5df6ad94cc22f3b7295b3a4d1daf52d86a7ad3bdb6baa1e5225	OK	71c17242ae390a5a012509d0088241bdb76c0eb8b7eefec0d6b8681464389c48
v049	KECJUA_comp_0	56c5283e0d1da7be9d64388af3cc6777b3d326668254cdf58fb97d5c39ea579f	db3f03089519da199e40c6623b757063965c342321ac6b78809731d9d8c0fdfb	144	153	-	01c743cd6c34df43f6bb6f85244f7eeb3a6e9dd9fe902cab342310fd191a03f7	OK	3ed76af19f735a485932744457985ed1c4c8a7e4b38b48a101d6a4797d72f908
v049	KIVGIH_comp_0	8cb0c0190de38909b2d14da9bafb371c94f9648758098c224e3326eb7eaa00f7	c7434331865a6bdabe9098058a0665bc04c0817e4140afee957c026e31d17f50	108	108	-	a97518f08effcdf2b05299a630f4ca6e63cda3f8129a1a976e91a5c2c9c6f71d	OK	18b3469a9929f6a766df907687bdaa0e09e0bf93da591da0abeaa8ec80f81caa
v049	MAHTOE_comp_0	513c00ff9ac82aeef4bd0cfcc7193e0f0d3631d1bc187cc24e74992d4118512e		167	-	eta		ERROR:UncoordinatedFragmentError:Fragment 5 ('Fc1c(F)c(F)c(B(c2c(F)c(F)c(F)c(F)c2F)c2c(F)c(F)c(F)c(F)c2F)c(F)c1F') has no binding slot; uncoordinated fragments are not representable in MetalloGen m-SMILES.
v049	NAHNOB_comp_0	eed81029c4ad04e6f14fb48e0ec42cbb86a0d5240962c928980fe31bda0e68a2		102	-	-		ERROR:ValueError:MetalloGen failed to generate any conformers via OIN-direct assembly (geometry 'TBP'); OIN='[Sc_TBP].C[SiH](C)N{0}[SiH](C)C.[H]{1}.[BH2]{2}[N+](C)(C)[BH2-]N{4}(C)C.[BH3-][N+](C)(C)[BH2-]N{3}(C)C', pool=5, timeout=300.0s
v049	OZADAW_comp_0	f3f496fe2d7cb9301b31a45fec91b672e27d88cba86e6fab52da48865b1bd402	f3f496fe2d7cb9301b31a45fec91b672e27d88cba86e6fab52da48865b1bd402	132	132	-	fec8172cc7e87e6c0d13e241c51a2292c8ff5f0470b868f23b1bc75608ce9922	OK	12c35df7542e766452ab6bfaf69724ebbee689d3493d48e284a68f2cffb5b387
v049	PURROJ_comp_0	406e661ece62028d2863d43ffc2ceb4903d0f22b5121f4a8d03a2e6e9da1ad36	950ab43d5c6c58b39af1ce27bcf5689151acd7d45c805fdf721fc47fe0700157	107	107	eta	ecedd4513cb888c4665e4e795d6ff351a8875744e9132528032d21805a20b314	OK	f527bde46ed0838b146df4d37d9c426de5192e5ff185e90444d3993b8b7ebf13
v049	PUVWEK_comp_0	c2e69c6895b673abf537045163f8a9b4014a6c79a23d43a2521095c63b34d304	c2e69c6895b673abf537045163f8a9b4014a6c79a23d43a2521095c63b34d304	96	96	-	38bc1c25df82b8c1c811822cae0175c7fd0c722e1a4281ee02213b1e00ed43cb	OK	f6207514887ac65f226af8e5f9ae47412f6ca986c579fbd76250ec2503320447
v049	QAMJAP_comp_0	8f1a1e8f7c057237aeabe1c805cbd97d1cf86eba284f980e3adaf5058a6b7264		168	-	eta		ERROR:ValueError:MetalloGen failed to generate any conformers via OIN-direct assembly (geometry 'TET'); OIN='[Rh_TET].COC(=O)C{0}=CC=C([Se]{1})C(=O)OC.Cc{2}1c{2>}(C)c{2}(C)c{2}(C)c{2}1C.[Se]{3}C12[BH]345[BH]67C89[BH]6%10%11[BH]376[BH]437[BH]154[BH]281[BH]9%102[BH]%1163[BH]7412', pool=16, timeout=300.0s
v049	RIRYOJ_comp_0	1ff579d5c7e8ee9e40b36cb189e0645f9d08c3fc331a149bafb4f8b518470729	1ff579d5c7e8ee9e40b36cb189e0645f9d08c3fc331a149bafb4f8b518470729	94	94	eta	fde8acbc9f8ebe782e0a73041371c70aa345c8779e06c4b8cb42727ddb80dc49	OK	d4e0101d0b5175d23cee349c8ccbc4b5d0138c0a1400b9d99d853350172f585e
v049	SEMPOP_comp_0	04740a0c02cd9ab1bfca97a1ce8ab9bcdff6f1a12b2446d46293fe538e7bc2c7	04740a0c02cd9ab1bfca97a1ce8ab9bcdff6f1a12b2446d46293fe538e7bc2c7	159	159	-	16ed9d6feff690b66826428fe78648cb1cfb4c4e64fb35bb910869e991715731	OK	8bc18f028ed84f0406fcb1933d8ea5ca9990aefe7fa1a2792043cca244740637
v049	SEMVUD_comp_0	e550065685b41c9b93ee6ec917c85335b31d7ad04af979327a60408408145869		156	-	eta		ERROR:ValueError:MetalloGen failed to generate any conformers via OIN-direct assembly (geometry 'TPY'); OIN='[Ru_TPY].C[Si](C)(C)CCB{1}123[CH]{1>}[BH]{1}4[BH]15[BH]416[CH]{3>}C{3}(C4[CH][CH][CH][CH][CH]4)[BH]{0}24[BH]1[BH]3564.[cH]{2>}1[cH]{2}[cH]{2}[cH]{2}[cH]{2}1', pool=16, timeout=300.0s
v049	SUNROK_comp_0	c213efdd45762d5f558d259d4483b35d4def8868129bb21885c3907f1dd51bf9	61278d43e38378361405ee2b529f98d3d1302ff8a07b3f80b873db6f024e762f	139	139	eta	988c805618beba418106d25a1008f0b7e0755e595d4e2173585e1d7a064b807f	OK	b7c0ed122b451dc7973a64c39469aac4e69db6252e85c5679b86c7c874e7b85a
v049	TEQHIG_comp_0	fa08693a0f477ec867264e532a0c6b813be597f9dcdde8d624cafdfdf0b01586	dfac9cfe4b7428c7a083079f523ee6e71f41d77484f8678c5ca2eb5710dd9801	102	89	eta	98d53763102b0a2886a3219ef70a7b9471e26b113966e426895e2eb7d681e79d	OK	b8d10151ca68b17bd649e814fb91149bba5a041225d563c278419df8c6436277
v049	TEQHOM_comp_0	a39b4f547870a89369146ecef3b990b0cc949c8e586bbb9eb711b77b066f273b	8198fdb14732bf3bb2466011203b424fd6b4ad2c12ecd9dfc5465ed4d9904696	94	81	eta	30c0d1c61bc708b6d7760c60fd2ec62f6ee1aa0af1d6f3044980e71e81c4bf1d	OK	6fefb9c93e9251ea86f27661ae9da7ddaead9d42027a29de6725928fcc433f36
v049	ULOQIX_comp_0	a5135322ab5c74ae4a29aeee6856ef287650d647d41db41cff2419430a2c424b	a5135322ab5c74ae4a29aeee6856ef287650d647d41db41cff2419430a2c424b	80	80	eta	a1287284ed50063f1d9d870a714b35ce34ab69a3cce7142b3938e4ebf95352b4	OK	ecf26fcd74c80967781f7c5f7b5b979e5aa4a390992ef851f36cfa3f9c5d3d36
v049	ULORAQ_comp_0	950408320c49164355abd1c20aca918756ee7b411ba5d3bff7cfe84a1ed4a76f	5565393cd4c83e8f9752a3663e7ed24bb5b8149cf7d729f14744ee02ba444b57	99	99	eta	d6f88a9fb5ffb8f013cf8f9db3bc083cf44692b75de066db87734a98357587c0	OK	839bd76b105c39af629cee430a8fcd7c0b67cf274b6b9e1542fae80a891264ff
v049	ULORIY_comp_0	b37186b19b174e5122a0a68f83d13874ba35286d77b639c4a819f1ff229fbcf2	ed3dac655fcfa74e8f1b33873da51c0ac7aaa74bdd7376e62b89f4db285e7653	79	79	eta	496febf1890538aba72d53a33e1de5f6aed58abb3c303e4dff1a432ef20dede9	OK	05acc7cea2d7c1bd195c44cbff7fb7bbfe5ecdcf286604e56ba812a63de854ac
v049	VEJXOZ_comp_0	6e4d79000691849d4587b055e50797e44662f8ca53c997b9159a839b22ca0e37		148	-	eta		ERROR:ValueError:MetalloGen failed to generate any conformers via OIN-direct assembly (geometry 'TPL'); OIN='[Ru_TPL].[CH]CC1[CH][CH]C(C{1}2[CH]{1<}[BH]345[BH]{0}6[CH]{0<}[BH]{0}78[BH]{1}29[BH]3[BH]479[BH]568)[CH][CH]1.[cH]{2>}1[cH]{2}[cH]{2}[cH]{2}[cH]{2}1', pool=16, timeout=300.0s
v049	VIMTET_comp_0	6c00b593a691eaa6f68f874bf56e2551e7b2cc09a61950e23882cddc84035faf	7359569892a71bae8e48ffb57e62021912d05cdb50e40753f45d8ddee8dfbb02	99	99	-	ab782e674af8e26739258c8a98526fdcd355e9a12c8b35cfe43a3bb0be20a926	OK	5a8d64cdaf4579411fb50d07348be8eed1ba37a072a8373c44304a23168eaa1d
v049	ZIQLOD_comp_0	a3b584302c9197e8d82143ad252642672be6fc1a43aa4cb80e788d737289f370	a3b584302c9197e8d82143ad252642672be6fc1a43aa4cb80e788d737289f370	146	146	-	777de7bfabc19c60676fb1ed26ca3aa235b60caf3404fc492f83ecd52da8e4c0	OK	3c5e5f8e924c3ffc5bb728f5ad7243ad53c54d3bbb7f3404c0cec622c7a28638
#DONE 26
