# golden	name	sha_in	sha_out	len_in	len_out	eta	xyz_sha(observation)	status   -- arm `verify`: 16b3eb81
v049	AKUMAV_comp_0	70df5cf7c61d5e814bfc7d9ceeda4e4d4115ba57c6f20b568185af3abc916f2e	70df5cf7c61d5e814bfc7d9ceeda4e4d4115ba57c6f20b568185af3abc916f2e	137	137	-	ba2e29787dcea4270bb6eec4db3ef4aad8d7c575d85330271a65315ee8f40c43	OK	70df5cf7c61d5e814bfc7d9ceeda4e4d4115ba57c6f20b568185af3abc916f2e
v049	COJJOD_comp_0	d75306ae37a75e02773c08cba52f7c5703f8be9b6fe2c9c7d18f4424af064363	f1018b26789f4c599aa62806d89dfa8946f9e22fe6019d76bac6a0cdb5d5ef05	120	120	-	9c4aee8bf72ca107090a351c5f133acf120d4ce5907d29f36d61b1afbcfecf32	OK	5ce51b9ad550bd9d35a87157ad8f50a5f84e2d9fb56a9a2dc9c3eca7bf4de63f
v049	GIFVUN_comp_0	ccfb7158137a26ce0f1987b0af4c8fd9b60d7a48a86588091a395d4d37d75665		150	-	eta		ERROR:ValueError:MetalloGen failed to generate any conformers via OIN-direct assembly (geometry 'SQA'); OIN='[Ti_SQA].CN(C)C(=O{0})N(c1ccccc1)[C@H](O{1})c1ccccc1.CN{3}(C)C[C@]{5}12C{5>}(CO{2})[BH]{4}34[BH]56[BH]7[BH]189[BH]{6}21[BH]{7}32[BH]453[BH]678[BH]9123', pool=16, timeout=300.0s
v049	HIMFAM_comp_0	5f7d908c41354d1263a003e1d7a72a9ddcf80eaea07c7fc08246479f68d39262		251	-	eta		ERROR:ValueError:MetalloGen failed to generate any conformers via OIN-direct assembly (geometry 'SQA'); OIN='[Co_SQA].C[C@]12CC[C@@H]3C4[CH][CH]C(O)[CH]C4CC[C@H]3[C@@H]1CC[C@@]2(O)[CH][CH]CS(B{0}123[BH]{1}45[CH]{3>}[CH]{3}[BH]{2}16[BH]17[BH]8[BH]49[BH]184[BH]259[BH]3674)B{4}123[BH]{7}45[C@H]{6>}6[C@H]{6}7[BH]{5}18[BH]719[BH]7[BH]46%10[BH]254[BH]381[BH]97%104', pool=16, timeout=300.0s
v049	HITHAW_comp_0	da5d1a57fc4fce57e4ee9073625354e8d6bc2d091850c6bbf7a093ebf4493089	da5d1a57fc4fce57e4ee9073625354e8d6bc2d091850c6bbf7a093ebf4493089	134	134	-	9cee229bb0587094e135dba9ae85d8a1a280cabb70753e01d4920d113f386e30	OK	da5d1a57fc4fce57e4ee9073625354e8d6bc2d091850c6bbf7a093ebf4493089
v049	JIVRIP_comp_0	8a17c796df9d86f12c1757b229329b35618e53b3a953149d3d9e65356d79b88d	8a17c796df9d86f12c1757b229329b35618e53b3a953149d3d9e65356d79b88d	125	125	-	1e6772d39f43611be3a7f267b99deaffc3caceb969236946390ea310ca2ec9ba	OK	5a26921a06f5d1ee75499aa8cb9beed7bb2e32ddd45307ea2987f24ca8b9b31f
v049	KECJUA_comp_0	8f7c6a6e04114a7c2f52e28e75164fa817cf1761311db63e6b7b0be47aca9691	bacda23aeb441797160f7c054afc6c61b6610b702b810987182181855100fd8d	168	177	-	050aabfda3ad11b77f5a058b173e227584e5d19d6fa01a38f54c3dd6f9d11566	OK	2cd2ab3355fed5698e3a57f33272424124230739d997710db0881e80c2989452
v049	KIVGIH_comp_0	930d808590b3eedc1cd52972061595ad3f5fbc113cf2ef9e98de5f9c80404816	930d808590b3eedc1cd52972061595ad3f5fbc113cf2ef9e98de5f9c80404816	114	114	-	4f14f70a031be401a241d22318ace95b77226a1ae606ced6ca1b8f76393b552f	OK	930d808590b3eedc1cd52972061595ad3f5fbc113cf2ef9e98de5f9c80404816
v049	MAHTOE_comp_0	8afb012d6336332dbe2ad48b8b2afe4ac7a0092123be781b5457acbf8d947e44	8afb012d6336332dbe2ad48b8b2afe4ac7a0092123be781b5457acbf8d947e44	168	168	eta	248f21bd76ed160d0f8e4e31b85e7ab3d2a10f87a73344e4ddd406a1f6f8c939	OK	8d8d06639c6d2717be6f6405a0b84a9d527777bbb63596d03959b02253bfe66a
v049	NAHNOB_comp_0	a1531e51facd6f4282436b400e4c6a9df2e2e8801443005ccd46dd5fcd32dad9		95	-	-		ERROR:ValueError:MetalloGen failed to generate any conformers via OIN-direct assembly (geometry 'TET'); OIN='[Sc_TET].C[SiH](C)N{0}[SiH](C)C.[BH3-][N+](C)(C)[BH2-]N{1}(C)C.[BH3]{2}[N+](C)(C)[BH2-]N{3}(C)C', pool=5, timeout=300.0s
v049	OZADAW_comp_0	298802452f717a701ba145243144e8fb871351bd1228e2b7b2e41a7111be4365	298802452f717a701ba145243144e8fb871351bd1228e2b7b2e41a7111be4365	138	138	-	b5fb068368652d561aa6e426df674a26125914222fb80e242d0625c8a14a26dc	OK	298802452f717a701ba145243144e8fb871351bd1228e2b7b2e41a7111be4365
v049	PURROJ_comp_0	93e89b463b82c96c9f5fba148c28e22a9e9f0f60658a208e540348ef63311fa7	93e89b463b82c96c9f5fba148c28e22a9e9f0f60658a208e540348ef63311fa7	106	106	eta	32aef96a09a45fedc2efce1d013b9520418cf826615ec42ddd7d4d30aff95de6	OK	93e89b463b82c96c9f5fba148c28e22a9e9f0f60658a208e540348ef63311fa7
v049	PUVWEK_comp_0	f393fb99a7944b9ff1cc8b2a2ef3cb590bbf5481ceea089ae80e721301d6efbe	f393fb99a7944b9ff1cc8b2a2ef3cb590bbf5481ceea089ae80e721301d6efbe	98	98	-	fc5b8132f9e9a5c6fe54f1ad65e55e5d83ef1c619ba9a9d291d00a49acff8ccd	OK	f393fb99a7944b9ff1cc8b2a2ef3cb590bbf5481ceea089ae80e721301d6efbe
v049	QAMJAP_comp_0	94e030efab8a2066cfd46cca2f3df85b0de49c0ce6e35be9be7438aee4ac8be8		169	-	eta		ERROR:ValueError:MetalloGen failed to generate any conformers via OIN-direct assembly (geometry 'TET'); OIN='[Rh_TET].COC(O)C{0}[CH][CH]C([Se]{2}C12[BH]34[BH]156[BH]17[BH]289C2([Se]{1})[BH]3%10%11[BH]453[BH]614[BH]781[BH]92%10[BH]%11341)C(O)OC.Cc{3}1c{3>}(C)c{3}(C)c{3}(C)c{3}1C', pool=16, timeout=300.0s
v049	RIRYOJ_comp_0	6a60cc33c2ea637fc14082795f30c37668c111640c871cd825f84fda29b0da63	6a60cc33c2ea637fc14082795f30c37668c111640c871cd825f84fda29b0da63	102	102	eta	706a434c08fb4ea28f0dbc6f7b06f4a3dd1db473aa7c0257933d8a5491e1d7a7	OK	60d38febd0d86c5eebbc75f3d76cfb8b8842f6da0e4a9b3aa7f86eb67b658286
v049	SEMPOP_comp_0	6641c0ca174e726cae3cf2a030ba60e5ee4ea54f3a816027aa790812dedca390	6641c0ca174e726cae3cf2a030ba60e5ee4ea54f3a816027aa790812dedca390	161	161	-	a62026eb57ad5d5cc7f5c0e3bd1efdc7a3026a88a5487fe8a10e188b9c8f1595	OK	b24cc1ff294103f82cf46a2e409d4255c2649fa7123f11ae47f3a259865f4d5b
v049	SEMVUD_comp_0	8972c393163a6c3a9765da0386c297c7427090f524cafba676675bc5527f866e		172	-	eta		ERROR:ValueError:MetalloGen failed to generate any conformers via OIN-direct assembly (geometry 'TPY'); OIN='[Ru_TPY].C[Si](C)(C)CCB{1}123[CH]{1}4[BH]{1>}5[BH]678[CH]{3>}[C@@]{3}9(C%10[CH][CH][CH][CH][CH]%10)[BH]{0}1%10[BH]69[BH]27%10[BH]3458.[cH]{2>}1[cH]{2}[cH]{2}[cH]{2}[cH]{2}1', pool=16, timeout=300.0s
v049	SUNROK_comp_0	afcb489194cad94a308f35ab6a72fb5fd2a53a4c80ad479d0cfea7e8ea4ef9a3	afcb489194cad94a308f35ab6a72fb5fd2a53a4c80ad479d0cfea7e8ea4ef9a3	145	145	eta	ef3da25776cf24c64ce3062de48fd95c28f8f44cd1b241120b51e9d6257370bf	OK	afcb489194cad94a308f35ab6a72fb5fd2a53a4c80ad479d0cfea7e8ea4ef9a3
v049	TEQHIG_comp_0	4d90850292562c34ec26945bcac8664f907bfb7b9be654981c2ecd17386c8abf	4d90850292562c34ec26945bcac8664f907bfb7b9be654981c2ecd17386c8abf	111	111	eta	835f6533f71453a10e3190726abcbf3221c0c6cee6b26756be6130ed3ded4ebe	OK	51a3c86ba43be52b6326fee43e26a0c3cda4b89aed6b3118037e6ed900978579
v049	TEQHOM_comp_0	e997ac0600b54559b03f6ae6c6e6d7b3c8ea28763210202d55325c9bfec4185e	e997ac0600b54559b03f6ae6c6e6d7b3c8ea28763210202d55325c9bfec4185e	103	103	eta	018cc11d6568032557c6475338daa598ec97ed5cc67b668416506564e799b4b8	OK	e3db9904cea283970149bd5a624719ca0d32a453d9527733b6d3c1f4a38c6d6f
v049	ULOQIX_comp_0	145d5f364309c979de1846ff8fc3a88817a7ea0682122149bcc90cecb757c876	145d5f364309c979de1846ff8fc3a88817a7ea0682122149bcc90cecb757c876	82	82	eta	e3469efc5fdfe13297e2c2114bdee9d502b019b927c38b612fe332743643db5b	OK	737784444829a143736f0c74ef035ca8f4f7560c104ba3d0c37535f21f85bef2
v049	ULORAQ_comp_0	01eca6925ac525c74f6d47d04f6cef2f43a5f1fd42ca350cb7d78ac667b3afb8	01eca6925ac525c74f6d47d04f6cef2f43a5f1fd42ca350cb7d78ac667b3afb8	96	96	eta	85884b833f34492b26f18aed8e9c5a456cb91f5ccbc69f7e48dce97b0c755626	OK	fe5237cfeedb84ee49b91bfc5102b101554913bf25fecd859086180d15a5aeb6
v049	ULORIY_comp_0	41069e2247477fabe71e3e9a49779b8987a65bf642a02db8cf86110975c9699a	41069e2247477fabe71e3e9a49779b8987a65bf642a02db8cf86110975c9699a	92	92	eta	72ec8456b8ceed8a2e6a5040f38c5f258961d660c6ab5bfff4d68ba06f5f498c	OK	b186cb5c4608231a1952917ce5ff38b90806f5e251a887345bac9e833fcf0b3e
v049	VEJXOZ_comp_0	555999e87780cfe83e5b1dcca4ef2a44fad680d63593f7a9b5a1f9a089add243		163	-	eta		ERROR:ValueError:MetalloGen failed to generate any conformers via OIN-direct assembly (geometry 'TPL'); OIN='[Ru_TPL].[CH]CC1[CH][CH]C([C@]{1}23[CH]{1<}[BH]456[BH]{0<}7[CH]{0}8[BH]{0}9%10[BH]{1}2%11[BH]34[BH]59%11[BH]678%10)[CH][CH]1.[cH]{2>}1[cH]{2}[cH]{2}[cH]{2}[cH]{2}1', pool=16, timeout=300.0s
v049	VIMTET_comp_0	201e9fc713f8a7fbf64371c475d2cb559e798d2f3d192eabd396ce0f5d12853e	201e9fc713f8a7fbf64371c475d2cb559e798d2f3d192eabd396ce0f5d12853e	101	101	-	b03145677e5cb1dfb4e77a45a0672bbc19b8e8a5e81c41807ad6a2b4f05c1c8f	OK	201e9fc713f8a7fbf64371c475d2cb559e798d2f3d192eabd396ce0f5d12853e
v049	ZIQLOD_comp_0	b2e505fd73c79e57f4b23bf358139fbe0e57b89e30aa98b0d577712fce9793d9	b2e505fd73c79e57f4b23bf358139fbe0e57b89e30aa98b0d577712fce9793d9	152	152	-	258d8ab03fba7d09ed53f4a934c153abfea0be101184d62312e0231a1b0ca695	OK	b2e505fd73c79e57f4b23bf358139fbe0e57b89e30aa98b0d577712fce9793d9
#DONE 26
