AGELIJ_comp_0	700a77b10944d8f66e0524577da68ed759133504e6ef788111d6654dad53e729	700a77b10944d8f66e0524577da68ed759133504e6ef788111d6654dad53e729	120	120	-
AKOXII_comp_0	4f0bb57af1cda127f19903b7f20eb704b6a40b2dbaa4b65bd50d12fb2db1080e	4f0bb57af1cda127f19903b7f20eb704b6a40b2dbaa4b65bd50d12fb2db1080e	109	109	eta
BARVUO_comp_0	d45fad91914a23bf59e585f4ca110b60f047779ab8839984ec313fca745ce893	d45fad91914a23bf59e585f4ca110b60f047779ab8839984ec313fca745ce893	126	126	-
BIMDOQ_comp_0	09e293f52170c201c9e62e0c75108f90473ad1937e16a7cf6fbc6afdf97204d4	09e293f52170c201c9e62e0c75108f90473ad1937e16a7cf6fbc6afdf97204d4	47	47	-
BOLGIU_comp_0	196e2523f54330edb0db7c2c4746963cc5d41835926c6ecfa21c3bddc6da1173	196e2523f54330edb0db7c2c4746963cc5d41835926c6ecfa21c3bddc6da1173	76	76	-
CAJROV_comp_0	0ccff62ae4fbfc0d6838a6483cb15c4e1b410a8cb9904c02bfdfd8571ad74129	0ccff62ae4fbfc0d6838a6483cb15c4e1b410a8cb9904c02bfdfd8571ad74129	115	115	eta
CERQAT_comp_0	d788566e8bd54228c4e7818d43bf03ac7a0555ac01e451fca626057950279126	d788566e8bd54228c4e7818d43bf03ac7a0555ac01e451fca626057950279126	71	71	-
CEYKOH_comp_0	5a0a7dff3f7b392d7598948dc6ad22fb7005d33bad353f7b1af1702f75dbb299	5a0a7dff3f7b392d7598948dc6ad22fb7005d33bad353f7b1af1702f75dbb299	126	126	-
CIGLAI_comp_0	e68644465bd613947aa640146146fa2199a9a958cf2f751af29e91a01fdd655c	e68644465bd613947aa640146146fa2199a9a958cf2f751af29e91a01fdd655c	106	106	-
COHJEQ_comp_0	00aebe91ecf0ee46c55d36379d6a2ee4359f1e44791935c01eac15f5ae530d29	00aebe91ecf0ee46c55d36379d6a2ee4359f1e44791935c01eac15f5ae530d29	60	60	-
CUJJOH_comp_0	769792f47eebd5c2e61c750dbdda4880ac8f011ed62f0522ae055e9afa8d80d1	769792f47eebd5c2e61c750dbdda4880ac8f011ed62f0522ae055e9afa8d80d1	118	118	-
DEZPUV_comp_0	0f96a695b0fc7a3fd7df8f84e60ccb758f1e7224e2d905a7fad968bfc4570e29	0f96a695b0fc7a3fd7df8f84e60ccb758f1e7224e2d905a7fad968bfc4570e29	100	100	-
DIJDAD_comp_0	cbe85170441ea64d348813134e96a5e946410dfc6f7b209102a906ab895268b3	cbe85170441ea64d348813134e96a5e946410dfc6f7b209102a906ab895268b3	83	83	-
DIPZAD_comp_0	5194cebb597c095b2fa81fa8cfbfff2279c67f10344b1eaa275b3d608c42ee86	5194cebb597c095b2fa81fa8cfbfff2279c67f10344b1eaa275b3d608c42ee86	66	66	-
ECEXIU_comp_0	f8e99dfac66200fc154cf9bf58f6821c0b93c357eb097c886c7f83e24fe3aa48	f8e99dfac66200fc154cf9bf58f6821c0b93c357eb097c886c7f83e24fe3aa48	88	88	-
ETORIQ_comp_0	a7925e17912d5a983558a813cec90ed40031b149fb1198bc7d2fee598f802e73	a7925e17912d5a983558a813cec90ed40031b149fb1198bc7d2fee598f802e73	104	104	-
FAHXUI_comp_0	237383ee8dc7ed66682f0edd63b5755d5b07145db3c29a431ba7f845b86aba31	237383ee8dc7ed66682f0edd63b5755d5b07145db3c29a431ba7f845b86aba31	77	77	-
FEJFAD_comp_0	20725bd86e68fad290565509f27d4d941a96940597dceeca2e2dd383874f4f7c	20725bd86e68fad290565509f27d4d941a96940597dceeca2e2dd383874f4f7c	58	58	-
FIBQAK_comp_0	bc5599403843f258444ab7c232fd2ead8fe1ba2c9561b9da05cb27ba108e8d8b	bc5599403843f258444ab7c232fd2ead8fe1ba2c9561b9da05cb27ba108e8d8b	116	116	eta
FILVON_comp_0	360020aeeda5d651bd1401f863bf7d2a5098bf852b9e65c12b6b498a620ec9f5	360020aeeda5d651bd1401f863bf7d2a5098bf852b9e65c12b6b498a620ec9f5	109	109	-
FIVKIG_comp_0	a10568663756892f9fa2e9eae9e8d4d6feac0e9d3351fbf3fe112fac384d908b	a10568663756892f9fa2e9eae9e8d4d6feac0e9d3351fbf3fe112fac384d908b	87	87	-
FOGCIN_comp_0	3f2c5d1ff6a2c671f7878b4d119461ec502d026a74e082f081a2837a9cc92f3d	3f2c5d1ff6a2c671f7878b4d119461ec502d026a74e082f081a2837a9cc92f3d	44	44	-
FOJHIW_comp_0	40acb5f71fc8bc0d49b0da1d693398234781d43f8cdf2dea94621c7adfa03eb5	40acb5f71fc8bc0d49b0da1d693398234781d43f8cdf2dea94621c7adfa03eb5	130	130	eta
FOJWOR_comp_0	819befd1710907e78877c67c736f5c479ddd2024694cfbd13fde5eaf5ac34f7b	819befd1710907e78877c67c736f5c479ddd2024694cfbd13fde5eaf5ac34f7b	120	120	eta
FUXMAN_comp_0	a848b3df6481fa2109cfeadb100ff64d49c4547516704306bce240688e784391	a848b3df6481fa2109cfeadb100ff64d49c4547516704306bce240688e784391	117	117	eta
GACTAG_comp_0	b64008033e7d40e6ad3a9890c8a33f64b9bdefa276c4b38c816538723cfdc6c7	b64008033e7d40e6ad3a9890c8a33f64b9bdefa276c4b38c816538723cfdc6c7	62	62	eta
GUKDAS_comp_0	cf906ec8f88aaf6e3b8da3d357dbad17c536f48286a8fdfd6f46fb8ca6f72771	cf906ec8f88aaf6e3b8da3d357dbad17c536f48286a8fdfd6f46fb8ca6f72771	113	113	-
GULPAG_comp_0	0af748fe82586f66bccc5f77b46b97ddac42ebf5db8173f6b864e668120fe345	0af748fe82586f66bccc5f77b46b97ddac42ebf5db8173f6b864e668120fe345	103	103	eta
HAGKAD_comp_1	34d1287f4695efcd87d303c5e4df786a48379f4fb6c67defb5ec23e5ffa8617d	34d1287f4695efcd87d303c5e4df786a48379f4fb6c67defb5ec23e5ffa8617d	61	61	-
HAZCIX_comp_0	db918d574fa7ad2428dda52a4cd97e5a739882b216457817a0fce3916b938bb9	db918d574fa7ad2428dda52a4cd97e5a739882b216457817a0fce3916b938bb9	63	63	-
HEBBAS_comp_0	5e05321a2aceea6f23f720c3d04e8eed278aaab312a0bc4b181c484696287de3	5e05321a2aceea6f23f720c3d04e8eed278aaab312a0bc4b181c484696287de3	94	94	-
HIKJIW_comp_0	db5a94c1a8f368ef50e3795a8a2fae5c9c03df00c3ea05c7c612272666e295e1	db5a94c1a8f368ef50e3795a8a2fae5c9c03df00c3ea05c7c612272666e295e1	76	76	-
HINFOC_comp_0	b92a4ee340e6c82ec7eccba11579ef38cb6215287b27068072025a12b0d40096	b92a4ee340e6c82ec7eccba11579ef38cb6215287b27068072025a12b0d40096	69	69	-
HIXJEF_comp_0	919e33c79a56cc3b3bf81eec744a21063f4d7a519914f5384618441d95bce5e2	919e33c79a56cc3b3bf81eec744a21063f4d7a519914f5384618441d95bce5e2	75	75	-
HORJAB_comp_0	4f3ecad5f9a59b4db33df31908f0b41d421ce27d8a01329dff3726c12cbf6516	4f3ecad5f9a59b4db33df31908f0b41d421ce27d8a01329dff3726c12cbf6516	128	128	-
IFIHAI_comp_0	0ccc82cc4695a3cebc5e0f5f0eef2e87ba992c49ed675a428e7cc807421b7263	0ccc82cc4695a3cebc5e0f5f0eef2e87ba992c49ed675a428e7cc807421b7263	86	86	eta
IHOCUE_comp_0	fe411c9e1e74d98a84d6e65cee1760a8179bab21a35520eb6c1e08ab98c3205a	fe411c9e1e74d98a84d6e65cee1760a8179bab21a35520eb6c1e08ab98c3205a	99	99	eta
IJAXIB_comp_0	b3343a3f2319db53c88d30218a46e7ea0769756e10ee405b6d05ec1e67bd93d3	b3343a3f2319db53c88d30218a46e7ea0769756e10ee405b6d05ec1e67bd93d3	110	110	-
IJOSOP_comp_0	3120cbbc228ef4a9ee9edf4f68352d56c8b9b7d84a1715e315335c8aa9679a1a	3120cbbc228ef4a9ee9edf4f68352d56c8b9b7d84a1715e315335c8aa9679a1a	134	134	-
IKIJIX_comp_0	9b326a64ef218e17bd235770884f5629dc6d147b22c24f6958f24075a7950c6d	9b326a64ef218e17bd235770884f5629dc6d147b22c24f6958f24075a7950c6d	95	95	-
IQEGEQ_comp_0	42733783bcaeef637bc444897fd6883037964be16f25c371622126b125e85001	42733783bcaeef637bc444897fd6883037964be16f25c371622126b125e85001	72	72	-
JABDEW_comp_0	8d040416cf218c6ee696da9e36d80aa781355d2b8c5cdd829d92fd663a7a66ff	8d040416cf218c6ee696da9e36d80aa781355d2b8c5cdd829d92fd663a7a66ff	56	56	-
JANVUQ_comp_0	a3418b876dc25fe196c5037458a97b49c5b1d2155e15b87f65d7fcb37c6d3e2a	a3418b876dc25fe196c5037458a97b49c5b1d2155e15b87f65d7fcb37c6d3e2a	102	102	eta
JEGKEM_comp_1	4a736686411e7de17ec8b5fc91d6dd9c60d4f90dab0bfb8e8e197e1bc112ae3f	4a736686411e7de17ec8b5fc91d6dd9c60d4f90dab0bfb8e8e197e1bc112ae3f	85	85	eta
JEMVED_comp_0	770bbe9cc802c4d45eb6013096422e13e5c7422f98cefe71a3284ad0505155d5	770bbe9cc802c4d45eb6013096422e13e5c7422f98cefe71a3284ad0505155d5	90	90	-
JIMMAU_comp_0	04244e50d453a4ac8b3963b3cc7598ed36c3e9ea868866c9e12ef0f8a6a3ffe7	04244e50d453a4ac8b3963b3cc7598ed36c3e9ea868866c9e12ef0f8a6a3ffe7	98	98	-
JIVFOK_comp_0	73ce1a683200ea3a33904cb7d2850e603ef38a2d22fc2b67b03f3e31e90d6895	73ce1a683200ea3a33904cb7d2850e603ef38a2d22fc2b67b03f3e31e90d6895	113	113	eta
KELQOI_comp_0	23db0cae8d11d868f14f7b1e8314a5545171090e5be0f3e037de325df10b7aa1	23db0cae8d11d868f14f7b1e8314a5545171090e5be0f3e037de325df10b7aa1	153	153	-
KOVXIE_comp_0	2ffa00feb4f2bb5ebd8ee11525d67bfbe4eaddd145985023ca2af618c4faf6d7	2ffa00feb4f2bb5ebd8ee11525d67bfbe4eaddd145985023ca2af618c4faf6d7	59	59	-
LECSUJ_comp_0	e73791cb5fba3dfe773d2b2a170e3c37fae1181692551ae9ad2b693e88e49c14	e73791cb5fba3dfe773d2b2a170e3c37fae1181692551ae9ad2b693e88e49c14	60	60	-
LIMRIJ_comp_0	28dda2c4e8d1155cd5fe108b88bb81516683d26c41a521a198854a4d1372eb90	28dda2c4e8d1155cd5fe108b88bb81516683d26c41a521a198854a4d1372eb90	128	128	-
LOWXAW_comp_0	15b2cf3b18e4fc5f6c1e127fbdce40ad37fc7fc026447be8ceaed190bfe453c7	15b2cf3b18e4fc5f6c1e127fbdce40ad37fc7fc026447be8ceaed190bfe453c7	96	96	eta
LUVMIA_comp_0	ed3765544e4c1801f250fe9ae3b66f5778e1926170b8ec548cac3b047bceb95e	ed3765544e4c1801f250fe9ae3b66f5778e1926170b8ec548cac3b047bceb95e	79	79	-
MABKOQ_comp_0	c5158edb517e439f4808305bb4ed60a1d948966a2d84c3ea57df86bba772bbe7	c5158edb517e439f4808305bb4ed60a1d948966a2d84c3ea57df86bba772bbe7	96	96	-
MAQYEL_comp_0	fa0f4e83915db8740ca9d204147c1e21a7488ed84f54173f44765a3a3c32e05b	fa0f4e83915db8740ca9d204147c1e21a7488ed84f54173f44765a3a3c32e05b	103	103	-
MEKWEE_comp_0	acec25e475e47a637e09fdf59894530095ab3b87fa2655d2d5295d453bf9219d	acec25e475e47a637e09fdf59894530095ab3b87fa2655d2d5295d453bf9219d	182	182	-
MIKDOA_comp_0	19c4416b489f4256e6799dd3d7f7cc1ae0c9b3b7ec514dd6b25cc17866610eb8	19c4416b489f4256e6799dd3d7f7cc1ae0c9b3b7ec514dd6b25cc17866610eb8	116	116	eta
MULDAZ_comp_0	1839bef07c5ee1626b773d82c680b1e218545997154c60fb946996ab14fbd73b	1839bef07c5ee1626b773d82c680b1e218545997154c60fb946996ab14fbd73b	56	56	-
MUQLIV_comp_0	5014ffb8947ac55b1fe753bf909c5c7efd909e12c520742b291075515116335a	5014ffb8947ac55b1fe753bf909c5c7efd909e12c520742b291075515116335a	142	142	-
MUTYEG_comp_0	0d9e98d1bf9e55c2b611dc1fca7e92176021a1bb427b8715e6a89bb8eeb99cdd	0d9e98d1bf9e55c2b611dc1fca7e92176021a1bb427b8715e6a89bb8eeb99cdd	66	66	-
NIKSUY_comp_0	abf504d4d1a5e5af61d469b914a576ec5ee11288ddc87a172d44da1960459022	abf504d4d1a5e5af61d469b914a576ec5ee11288ddc87a172d44da1960459022	133	133	-
NOVMAO_comp_0	952e6111856d249c2aa460707f941365efd1b28b584d23bbfa3a3605f37b5147	952e6111856d249c2aa460707f941365efd1b28b584d23bbfa3a3605f37b5147	72	72	-
# MANIFEST_SHA256=7e8a4b0e99257e2147137bf184cef99fa37b3b38df956fa6d1496a74bea8d9f0
#DONE 62
